code_etu;lib_diplome;niveau_dans_le_diplome;libelle_discipline_diplome;code_etape;libelle_etape;libelle_composante;libelle_academie_bac;annee_bac;regroupement_bac;annee_inscription
1000000;Licence;1;Master;L4SED;;UFR DSPS;Paris;2016;IG;2020
1000001;DES medec;4;Licence;G1MAT;;UFR SMBH;Creteil;2014;UFR DSPS;2020
1000002;Licence;3;Doctorat;G8ETH;;UFR SMBH;Etranger;2015;UFR DSPS;2020
1000003;DUT;2;Licence;G1INF;;IUTB;Etranger;2014;IG;2020
1000004;Ex medecin;5;PACES;B1PAES;;UFR SMBH;Grenoble;2012;IUTV;2020
1000005;DUT;1;DFGSM;B3SM;;IUTSD;Creteil;2012;UFR SMBH;2020
1000006;Licence;3;DUT;P2SG;;UFR DSPS;Versailles;2009;UFR DSPS;2020
1000007;Ex medecin;6;Licence;D2SPO5;;UFR SMBH;Creteil;2013;UFR SMBH;2020
1000008;Licence;1;DUT;S1GE;;UFR LLSHS;Creteil;2011;IUTSD;2020
1000009;DUT;2;Master Pro;G5PQE;;IUTSD;Etranger;2013;IG;2020
1000010;DUT;2;Licence;D1SPO;;IUTSD;Versailles;2017;UFR LLSHS;2020
1000011;Master;1;Master;L4EFI;;UFR LLSHS;Amiens;2013;IG;2020
1000012;DFGSM;2;Lic Pro;S3MDE2;;UFR SMBH;Bordeaux;2016;UFR SMBH;2020
1000013;DFASM;5;Licence;D3AEP;;UFR SMBH;Versailles;2013;IUTV;2020
1000014;Licence;1;Dip  univ3;BUCR2;;UFR SMBH;Nantes;2012;IUTB;2020
1000015;Master;1;Lic Pro;S3MCE;;UFR SMBH;Versailles;2014;IUTSD;2020
1000016;Licence;3;PACES;B1PAES;;UFR SMBH;Paris;2012;UFR SMBH;2020
1000017;Licence;1;Licence;E3ENTA;;UFR SEG;Creteil;2016;UFR SMBH;2020
1000018;Licence;3;DUT;V1EI;;UFR LLSHS;Creteil;2015;UFR SMBH;2020
1000019;Licence;1;Licence;B1STA;;UFR SMBH;Versailles;2011;UFR SEG;2020
1000020;DES medec;3;Licence;E1EGE;;UFR SMBH;Creteil;2009;UFR DSPS;2020
1000021;Licence;1;Dip  univ3;BUOMM3;;UFR SMBH;Creteil;2018;IUTSD;2020
1000022;Master;1;Licence;B1SVI;;UFR SMBH;Creteil;2018;UFR SMBH;2020
1000023;Dip  univ3;1;DUT;S1GE;;UFR SMBH;Versailles;2017;IUTV;2020
1000024;DUT;2;Licence;D1DRO;;IUTV;Etranger;2010;UFR DSPS;2020
1000025;DUT;2;DUT;S2TCD7;;IUTV;Versailles;2009;IUTB;2020
1000026;DFMS;1;DFGSM;B3SM;;UFR SMBH;Guadeloupe;2012;UFR SMBH;2020
1000027;DUT;2;Master Ind;G5ISB;;IUTSD;Etranger;2015;UFR DSPS;2020
1000028;DUT;2;DUT;V2IN;;IUTV;Nice;2017;UFR DSPS;2020
1000029;DES medec;5;Lic (IFSI);B2IFTS;;UFR SMBH;Montpellie;2018;UFR SMBH;2020
1000030;Licence;3;Master;E4GFE;;UFR SMBH;Etranger;2016;IG;2020
1000031;Licence;2;PACES;B1PAES;;UFR COM;Etranger;2011;UFR LLSHS;2020
1000032;Mast MEEF;1;Master;L4SED;;UFR LLSHS;Versailles;2015;UFR DSPS;2020
1000033;DESC med;1;DUT;S1PR;;UFR SMBH;Rouen;2018;IG;2020
1000034;Master Pro;2;Lic Pro;S3MC2;;UFR DSPS;Creteil;2018;UFR SMBH;2020
1000035;Licence;1;Licence;L1HHI;;UFR SEG;Creteil;2018;UFR SMBH;2020
1000036;Licence;1;Master Pro;L5PCP;;UFR SMBH;Creteil;2010;IUTSD;2020
1000037;DFMS;1;Lic Pro;V3SIL2;;UFR SMBH;Etranger;2017;UFR LLSHS;2020
1000038;Master Ind;2;Master;B4BNS;;IG;Creteil;2012;UFR DSPS;2020
1000039;DUT;1;Licence;G2PI;;IUTV;Creteil;2018;UFR SMBH;2020
1000040;Licence;2;Licence;L1LET;;UFR SMBH;Creteil;2014;UFR DSPS;2020
1000041;Licence;3;Lic (IFSI);B2IFTS;;UFR LLSHS;Etranger;2013;UFR SMBH;2020
1000042;Licence;1;PACES;B1PAES;;UFR COM;Versailles;2014;UFR SMBH;2020
1000043;Master Pro;2;Doctorat;D8DU;;UFR SEG;Creteil;2016;IG;2020
1000044;DFGSM;2;Licence;B1SVI;;UFR SMBH;Creteil;2013;UFR SMBH;2020
1000045;Licence;3;Licence;B3SSS;;UFR DSPS;Etranger;2012;UFR SMBH;2020
1000046;Licence;2;PACES;B1PAES;;IG;Creteil;2014;UFR SEG;2020
1000047;Lic Pro;1;Doctorat;G8PH;;IUTSD;Creteil;2015;UFR SMBH;2020
1000048;Licence;1;Licence;L2PSY;;UFR SEG;Etranger;2014;IUTSD;2020
1000049;Doctorat;1;Licence;E2EGE;;UFR LLSHS;Creteil;2016;UFR SEG;2020
1000050;Licence;3;Master;L4SLF;;UFR LLSHS;Etranger;2011;UFR SEG;2020
1000051;Master;1;Ing  class;G3ST;;UFR SEG;Bordeaux;2012;UFR COM;2020
1000052;Licence;1;Master Pro;E5BFG2;;UFR SMBH;Paris;2011;UFR SMBH;2020
1000053;Lic (IFSI);2;Licence;G1MAT;;UFR SMBH;Etranger;2018;UFR DSPS;2020
1000054;Mast MEEF;1;DES medec;B92SMG;;UFR LLSHS;Etranger;2014;IUTB;2020
1000055;Licence;2;Master;L4PSY;;UFR DSPS;Creteil;2012;IUTSD;2020
1000056;PACES;1;Doctorat;G8MA;;UFR SMBH;Guadeloupe;2010;UFR SMBH;2020
1000057;Lic (IFSI);2;DUT;V2EI;;UFR SMBH;Versailles;2009;UFR SEG;2020
1000058;Licence;1;Licence;B1STA;;UFR LLSHS;Versailles;2014;UFR LLSHS;2020
1000059;PACES;1;DUT;V1CJ;;UFR SMBH;Rennes;2013;IUTV;2020
1000060;Master;1;Licence;E1EGE;;UFR LLSHS;Creteil;2009;UFR SMBH;2020
1000061;Licence;1;Licence;D2SPO;;IG;Lyon;2018;UFR DSPS;2020
1000062;Licence;1;Licence;D3APS4;;UFR SMBH;Creteil;2011;UFR SMBH;2020
1000063;Master Rec;2;DUT;P2TC;;UFR COM;Creteil;2013;UFR SMBH;2020
1000064;Dip  univ3;1;Master Rec;B5M3B;;UFR SMBH;Creteil;2014;UFR SEG;2020
1000065;Doctorat;3;DUT;S1GE;;UFR SMBH;Creteil;2015;UFR DSPS;2020
1000066;Licence;3;Dip  univ3;BUEPS3;;UFR DSPS;Orleans;2014;UFR SMBH;2020
1000067;Master Pro;2;Licence;D3AEE;;UFR LLSHS;Guadeloupe;2010;UFR SMBH;2020
1000068;DUT;2;Licence;L2ANG;;IUTSD;Etranger;2017;UFR SMBH;2020
1000069;DFGSM;2;DUT;V2EI;;UFR SMBH;Creteil;2010;UFR SMBH;2020
1000070;Licence;1;Lic Pro;A3AI5;;UFR DSPS;Creteil;2011;UFR SEG;2020
1000071;Licence;3;Licence;B1STA;;UFR SMBH;Dijon;2018;UFR LLSHS;2020
1000072;Doctorat;3;Master;D4REI;;UFR DSPS;Rouen;2013;IUTB;2020
1000073;Prep IEJ;1;Licence;C2COM;;UFR DSPS;Paris;2016;UFR SEG;2020
1000074;PACES;1;Doctorat;L8PS;;UFR SMBH;Etranger;2013;IG;2020
1000075;Licence;2;Master;L4ETH;;IG;Lille;2016;UFR DSPS;2020
1000076;Licence;1;DFASM;B4DFAS;;UFR DSPS;Etranger;2017;UFR SMBH;2020
1000077;Master;1;Lic Pro;S3ANP2;;UFR SMBH;Etranger;2013;IG;2020
1000078;Lic Pro;1;DUT;V2EI;;IUTV;Paris;2017;IG;2020
1000079;Dip  univ3;1;Doctorat;D8DU;;UFR SMBH;Paris;2015;UFR SMBH;2020
1000080;Cap  medec;2;Licence;B1SVI;;UFR SMBH;Creteil;2018;UFR DSPS;2020
1000081;Licence;1;Lic Pro;V3CCA2;;IG;Versailles;2011;UFR SMBH;2020
1000082;DFGSM;2;Master Rec;L5HSC;;UFR SMBH;Etranger;2017;UFR SEG;2020
1000083;Licence;3;Dip  univ3;BUALR;;UFR LLSHS;Paris;2010;IUTSD;2020
1000084;Licence;3;Licence;E1EGE;;IG;Versailles;2011;IUTSD;2020
1000085;Master;1;Licence;G1PC;;UFR LLSHS;Lille;2016;UFR SMBH;2020
1000086;Lic Pro;1;DUT;A1GBA;;IUTB;Etranger;2016;IG;2020
1000087;Licence;1;Ex medecin;B1EM;;UFR LLSHS;Etranger;2009;UFR SEG;2020
1000088;Ex medecin;6;Licence;E1EGEB;;UFR SMBH;Versailles;2015;IUTSD;2020
1000089;Licence;1;Master;L4SED;;UFR DSPS;Etranger;2017;UFR LLSHS;2020
1000090;DUT;2;PACES;B1PAES;;IUTV;Creteil;2012;UFR SMBH;2020
1000091;PACES;1;Master;D4DDA;;UFR SMBH;Lille;2011;IUTB;2020
1000092;Lic Pro;1;Licence;D2SPO;;IUTB;Versailles;2010;IUTB;2020
1000093;Licence;2;Licence;L1PSY;;UFR COM;Etranger;2013;UFR DSPS;2020
1000094;Licence;1;Licence;L2PSY5;;UFR DSPS;Creteil;2016;IUTSD;2020
1000095;Master Pro;2;Dip  univ3;BUACO1;;UFR SMBH;Creteil;2010;UFR SEG;2020
1000096;DUT;1;DUT;S2TC;;IUTSD;Creteil;2013;UFR SMBH;2020
1000097;Licence;1;Master;C4CM;;UFR DSPS;Versailles;2016;IUTSD;2020
1000098;Licence;2;Master;D4RSE;;UFR SMBH;Montpellie;2014;IUTSD;2020
1000099;DFGSM;2;Dip  univ3;BUMMA2;;UFR SMBH;Amiens;2009;IUTV;2020
1000100;Licence;2;Licence;D1DRO;;UFR LLSHS;Creteil;2016;UFR SEG;2020
1000101;Master Pro;2;Master;D4CON;;UFR SMBH;Guyane;2012;UFR SEG;2020
1000102;Lic (IFSI);2;Master;L4SED;;UFR SMBH;Etranger;2018;IG;2020
1000103;Master Pro;2;Master;D4DDA;;UFR SMBH;Etranger;2015;UFR SMBH;2020
1000104;Lic (IFSI);3;DUT;S2TC;;UFR SMBH;Guadeloupe;2012;UFR SMBH;2020
1000105;Licence;1;DUT;V2CJ;;UFR SMBH;Toulouse;2012;IUTB;2020
1000106;Licence;1;Licence;B2STA;;UFR LLSHS;Paris;2018;UFR LLSHS;2020
1000107;Lic (IFSI);3;Dip  univ2;DU2DT3;;UFR SMBH;Etranger;2013;UFR SEG;2020
1000108;DUT;1;Licence;B1SSO;;IUTV;Versailles;2018;UFR SMBH;2020
1000109;PACES;1;Dip  univ3;BUCR1;;UFR SMBH;Creteil;2011;IUTB;2020
1000110;DUT;1;Licence;D3APS4;;IUTSD;Creteil;2009;UFR SMBH;2020
1000111;Master;1;Dip  univ3;BUAA2;;UFR LLSHS;Versailles;2010;UFR LLSHS;2020
1000112;Licence;3;Licence;B1SSO;;UFR DSPS;Etranger;2018;IUTB;2020
1000113;DUT;2;Lic Pro;A3CIW;;IUTB;Nantes;2012;IUTV;2020
1000114;Licence;1;Licence;E1EGE;;UFR SEG;Etranger;2016;UFR DSPS;2020
1000115;Lic Pro;1;Licence;D1AES4;;IUTV;Creteil;2009;UFR SMBH;2020
1000116;Licence;1;Dip  univ3;BUAC2;;IG;Etranger;2012;IG;2020
1000117;Doctorat;3;Master Pro;L5CICT;;UFR LLSHS;Aix_Marsei;2015;UFR LLSHS;2020
1000118;Licence;2;Licence;G1INF;;IG;Versailles;2016;IG;2020
1000119;Licence;1;Licence;D1AES;;UFR SEG;Paris;2015;UFR SMBH;2020
1000120;Master;1;Dip  univ3;BUACO2;;UFR SMBH;Paris;2016;IUTSD;2020
1000121;Dip  univ1;1;Master Pro;B5MOS3;;UFR LLSHS;Versailles;2010;IUTSD;2020
1000122;Master;1;Dip  univ3;BUBMS;;UFR SMBH;Creteil;2018;UFR LLSHS;2020
1000123;DUT;2;DUT;S2TCD7;;IUTB;Etranger;2010;UFR LLSHS;2020
1000124;DFASM;4;Licence;D3DRO;;UFR SMBH;Creteil;2016;IUTB;2020
1000125;Dip  univ3;1;DUT;V2GPB;;UFR SMBH;Versailles;2013;UFR SMBH;2020
1000126;Master Pro;2;Licence;G3ELD2;;UFR SMBH;Orleans;2011;IUTSD;2020
1000127;Lic Pro;1;Licence;B1SSS;;IUTSD;Creteil;2010;UFR SMBH;2020
1000128;DUT;2;Dip  univ3;BUOS2;;IUTV;Etranger;2009;IG;2020
1000129;DUT;2;DUT;A2CA;;IUTSD;Etranger;2010;IUTSD;2020
1000130;PACES;1;Licence;B1SVES;;UFR SMBH;Versailles;2017;UFR SEG;2020
1000131;Licence;2;Lic Pro;A3GES5;;UFR LLSHS;Versailles;2017;IUTSD;2020
1000132;PACES;1;PACES;B1PAES;;UFR SMBH;Etranger;2017;UFR SMBH;2020
1000133;Master;1;Licence;D1DRO6;;UFR SMBH;Versailles;2013;UFR SMBH;2020
1000134;Ing  class;3;DFGSM;B2SM;;IG;Guyane;2017;IG;2020
1000135;Licence;3;Licence;L1PMS5;;UFR DSPS;Creteil;2012;UFR LLSHS;2020
1000136;Lic Pro;1;DUT;V1EI;;IUTB;Etranger;2018;UFR SMBH;2020
1000137;Master Pro;2;DUT;P1SG;;UFR COM;Creteil;2016;UFR SEG;2020
1000138;PACES;1;Master Rec;D5EIE;;UFR SMBH;Creteil;2012;UFR SMBH;2020
1000139;Ing  class;1;Master;B4MES;;IG;Versailles;2017;IUTSD;2020
1000140;DES medec;3;Licence;L2PSY;;UFR SMBH;Creteil;2009;UFR SMBH;2020
1000141;DUT;2;Lic (IFSI);B3IFDE;;IUTSD;Creteil;2018;IUTB;2020
1000142;Licence;2;Licence;E2EGE9;;UFR SEG;Versailles;2015;IUTV;2020
1000143;Master Pro;2;Licence;L1LAE;;UFR SEG;Creteil;2012;UFR LLSHS;2020
1000144;Licence;1;Licence;L2PSY;;UFR SEG;Creteil;2017;IUTSD;2020
1000145;Licence;3;Master;D4PAP;;UFR DSPS;Montpellie;2015;UFR SMBH;2020
1000146;Licence;2;Lic (IFSI);B3IFTS;;UFR LLSHS;Creteil;2012;UFR SMBH;2020
1000147;Dip  univ1;1;Ing  class;G3SC;;UFR SEG;Versailles;2015;UFR LLSHS;2020
1000148;Licence;1;Lic Pro;S3SBP3;;UFR DSPS;Creteil;2016;UFR LLSHS;2020
1000149;Licence;1;Licence;B3SSS;;IG;Creteil;2011;IG;2020
1000150;Licence;1;Master;L4PSY;;UFR SMBH;Versailles;2012;IUTV;2020
1000151;Lic (IFSI);2;Licence;B1STA;;UFR SMBH;Versailles;2011;UFR SEG;2020
1000152;Lic (IFSI);2;Master;B4BTE;;UFR SMBH;Versailles;2011;IUTSD;2020
1000153;DUT;1;Licence;L1LET;;IUTV;Creteil;2014;UFR SMBH;2020
1000154;Licence;2;Licence;L1LAE;;UFR LLSHS;Versailles;2010;IUTSD;2020
1000155;Licence;1;Licence;B1SSS;;IG;Creteil;2013;UFR SMBH;2020
1000156;Licence;2;Master;E4BFA2;;UFR LLSHS;Versailles;2011;IUTSD;2020
1000157;Licence;3;Licence;D1DRO;;UFR LLSHS;Creteil;2018;UFR SMBH;2020
1000158;Master;1;Licence;L1LMO;;UFR COM;Paris;2011;IG;2020
1000159;Licence;1;Master;E4MTC;;UFR SMBH;Etranger;2009;UFR SMBH;2020
1000160;DAEU;1;Ex medecin;B6EM;;UFR LLSHS;Creteil;2014;UFR SMBH;2020
1000161;Licence;2;Licence;E3ENT4;;UFR COM;Creteil;2014;UFR DSPS;2020
1000162;PACES;1;Licence;G1PC;;UFR SMBH;Paris;2017;UFR SMBH;2020
1000163;Licence;2;Master;C4CL2;;UFR COM;Creteil;2014;IUTB;2020
1000164;Licence;1;DUT;S2IM;;IG;Paris;2011;UFR SMBH;2020
1000165;Master Ind;2;DUT;V2IN;;UFR SEG;Paris;2014;UFR SMBH;2020
1000166;Licence;1;Licence;B1SSS;;UFR DSPS;Paris;2010;UFR SMBH;2020
1000167;DUT;1;DUT;V1GE;;IUTV;Etranger;2011;IG;2020
1000168;Licence;2;DFGSM;B2SM;;UFR LLSHS;Etranger;2012;UFR SMBH;2020
1000169;Licence;2;Master;B4TPH;;UFR SEG;Creteil;2018;IUTB;2020
1000170;DUT;2;DUT;V1IN;;IUTSD;Creteil;2016;UFR SMBH;2020
1000171;DUT;2;Master;B4MES3;;IUTSD;Creteil;2017;UFR SMBH;2020
1000172;Licence;1;Licence;G1INF;;IG;Creteil;2012;UFR SMBH;2020
1000173;Lic (IFSI);1;Licence;B1STA;;UFR SMBH;Creteil;2012;IUTV;2020
1000174;Lic (IFSI);2;Licence;B1SSSI;;UFR SMBH;Versailles;2010;UFR LLSHS;2020
1000175;Lic (IFSI);2;Master;L4HEP;;UFR SMBH;Versailles;2013;IUTV;2020
1000176;Licence;1;DUT;V2CJ;;UFR COM;Etranger;2009;UFR SMBH;2020
1000177;DUT;1;Master;C4CEM;;IUTV;Etranger;2012;UFR DSPS;2020
1000178;Licence;1;DUT;V1CJ;;UFR DSPS;Versailles;2013;UFR LLSHS;2020
1000179;DUT;2;Licence;D2DRO;;IUTB;Creteil;2012;UFR LLSHS;2020
1000180;DUT;2;Licence;B1STA;;IUTSD;Creteil;2011;UFR LLSHS;2020
1000181;Master;1;Licence;E1EGE;;UFR SMBH;Creteil;2018;UFR DSPS;2020
1000182;DAEU;1;Ex medecin;B3EM;;UFR LLSHS;Versailles;2010;IUTV;2020
1000183;DES medec;3;DUT;S1GE;;UFR SMBH;Versailles;2011;UFR SMBH;2020
1000184;Licence;1;Licence;D1AES;;UFR LLSHS;Etranger;2011;UFR SMBH;2020
1000185;Licence;2;DUT;V2GF;;UFR SMBH;Creteil;2014;UFR SMBH;2020
1000186;Lic Pro;1;Ex medecin;B3EM;;IUTV;Guadeloupe;2011;UFR LLSHS;2020
1000187;DUT;2;Master;L4PSY;;IUTSD;Paris;2012;UFR LLSHS;2020
1000188;Licence;1;Doctorat;E8SE;;IG;Creteil;2016;UFR SMBH;2020
1000189;PACES;1;Licence;L1PSY;;UFR SMBH;Creteil;2013;UFR SMBH;2020
1000190;DUT;1;Licence;G1INF;;IUTV;Etranger;2016;UFR DSPS;2020
1000191;Master Rec;2;Licence;B1SSS;;UFR LLSHS;Versailles;2011;UFR DSPS;2020
1000192;Master Pro;2;DUT;V1GE2;;UFR DSPS;Etranger;2011;UFR DSPS;2020
1000193;Master Pro;2;Master Pro;C5IC;;UFR SEG;Etranger;2013;UFR DSPS;2020
1000194;DUT;1;Licence;G3PC;;IUTSD;Versailles;2014;UFR COM;2020
1000195;Licence;1;Ing  class;G3SC;;UFR SEG;Versailles;2016;IUTV;2020
1000196;Dip  univ3;1;Master Pro;D5ACO;;UFR SMBH;Creteil;2012;UFR LLSHS;2020
1000197;Licence;1;Dip  univ3;BUPH2C;;UFR SMBH;Paris;2018;IUTV;2020
1000198;Licence;2;DAEU;LXAA3;;UFR LLSHS;Rennes;2013;IUTB;2020
1000199;DUT;1;Lic Pro;S3ESF2;;IUTB;Versailles;2016;UFR SMBH;2020
1000200;Doctorat;3;Licence;D2DRO;;IG;Versailles;2016;UFR SMBH;2020
1000201;Licence;3;Licence;E2EGE;;UFR DSPS;Creteil;2015;UFR SMBH;2020
1000202;Lic Pro;1;Dip  univ2;BUPT;;IUTB;Etranger;2010;IG;2020
1000203;Licence;1;Lic (IFSI);B3IFDE;;UFR SEG;Creteil;2015;UFR SMBH;2020
1000204;DUT;1;Lic (IFSI);B3IFDE;;IUTV;Paris;2013;IUTSD;2020
1000205;Master Ind;2;Licence;L1GHU;;IG;Creteil;2017;UFR SMBH;2020
1000206;Licence;1;Master Rec;G5BIO;;UFR SMBH;Versailles;2009;IUTSD;2020
1000207;Licence;2;DES medec;B93SMG;;IG;Creteil;2016;UFR COM;2020
1000208;DUT;1;Licence;D2AES4;;IUTB;Etranger;2014;UFR SMBH;2020
1000209;Master Pro;2;Lic (IFSI);B3IFTS;;UFR SEG;La Reunion;2011;UFR SMBH;2020
1000210;Licence;2;Licence;L3LAE;;UFR DSPS;Etranger;2009;UFR DSPS;2020
1000211;Licence;3;Licence;B2STA;;UFR LLSHS;Creteil;2013;UFR DSPS;2020
1000212;Licence;1;Ing  class;G3SE;;UFR SEG;Creteil;2018;IUTSD;2020
1000213;PACES;1;Licence;L1PSY;;UFR SMBH;Versailles;2015;UFR SMBH;2020
1000214;Master;1;Master;L4LEAM;;UFR LLSHS;Creteil;2017;UFR LLSHS;2020
1000215;Mast MEEF;2;Licence;B3SSS;;UFR LLSHS;Creteil;2010;UFR SMBH;2020
1000216;Master Pro;2;Lic (IFSI);B3IFTS;;UFR SMBH;Clermont;2015;UFR SMBH;2020
1000217;Licence;3;PACES;B1PAES;;IG;Creteil;2018;UFR SMBH;2020
1000218;Licence;1;Licence;G2INF;;UFR LLSHS;Amiens;2009;IUTSD;2020
1000219;Licence;1;Lic Pro;A3AI4;;UFR SEG;Creteil;2010;UFR SMBH;2020
1000220;Licence;1;Licence;B1SSSI;;UFR SEG;Versailles;2015;UFR COM;2020
1000221;Licence;1;Licence;D3DRO;;UFR LLSHS;Versailles;2015;UFR SMBH;2020
1000222;Licence;3;Licence;D2DRO;;UFR SMBH;Martinique;2013;UFR SMBH;2020
1000223;DUT;2;Licence;G1SPI;;IUTV;Versailles;2015;IUTSD;2020
1000224;Dip  univ3;1;DUT;A2GF;;UFR SMBH;Creteil;2011;IG;2020
1000225;Master Pro;2;Master Pro;E5BRA;;UFR DSPS;Versailles;2017;IUTV;2020
1000226;Lic Pro;1;Lic Pro;V3CCA2;;IUTV;Versailles;2009;UFR COM;2020
1000227;Master Pro;2;DUT;V1GE2;;UFR LLSHS;Martinique;2009;UFR LLSHS;2020
1000228;Doctorat;3;Lic Pro;S3IS3;;UFR SMBH;Etranger;2009;UFR LLSHS;2020
1000229;Licence;2;Licence;B2SSS;;IG;Guadeloupe;2011;UFR SMBH;2020
1000230;Licence;1;Master Pro;L5PEA;;UFR SMBH;Creteil;2013;IUTSD;2020
1000231;Master;1;Master Rec;L5CAE;;UFR LLSHS;Creteil;2013;UFR LLSHS;2020
1000232;Licence;3;Licence;E1EGE;;UFR COM;Creteil;2011;IG;2020
1000233;Lic Pro;1;Ex medecin;B9DM;;IUTSD;Creteil;2016;UFR LLSHS;2020
1000234;DUT;1;Dip  univ3;BUTM;;IUTB;Versailles;2012;IUTSD;2020
1000235;Master Pro;2;Licence;E1EGEB;;UFR SMBH;Grenoble;2015;UFR SMBH;2020
1000236;Master;1;Licence;B2STA;;UFR SEG;Versailles;2009;IUTV;2020
1000237;Licence;1;Master Rec;L5ETF;;UFR LLSHS;Etranger;2015;UFR DSPS;2020
1000238;Master Pro;2;DUT;S2TC;;UFR DSPS;Versailles;2012;IUTSD;2020
1000239;Master Rec;2;Licence;G1SPI;;UFR SMBH;Etranger;2010;UFR LLSHS;2020
1000240;Master;1;DUT;V1EI2;;UFR LLSHS;Creteil;2009;UFR DSPS;2020
1000241;DES medec;3;Doctorat;L8SL;;UFR SMBH;Creteil;2013;UFR LLSHS;2020
1000242;Master Pro;2;Dip  univ2;BUSN;;UFR SEG;Etranger;2009;IG;2020
1000243;Licence;2;Ing  class;G5SE;;UFR LLSHS;Lyon;2016;UFR LLSHS;2020
1000244;Licence;2;Master Rec;B5BIS;;UFR SEG;Toulouse;2011;UFR SMBH;2020
1000245;Prep IEJ;1;Licence;B1STA;;UFR DSPS;Creteil;2014;IUTV;2020
1000246;Master Pro;2;DFASM;B3DFAS;;UFR SEG;Creteil;2017;UFR DSPS;2020
1000247;DFGSM;3;Lic Pro;A3IWD3;;UFR SMBH;Creteil;2010;UFR COM;2020
1000248;Licence;1;PACES;B1PAES;;UFR SEG;Creteil;2010;IUTV;2020
1000249;Doctorat;1;Licence;B3SSS4;;IG;Versailles;2015;IG;2020
1000250;Master Pro;2;Ing  class;G3SI;;UFR LLSHS;Versailles;2010;UFR SEG;2020
1000251;Licence;2;Licence;D3SPO;;UFR COM;Amiens;2012;UFR LLSHS;2020
1000252;DUT;1;Licence;L1ANG;;IUTSD;Creteil;2018;UFR SMBH;2020
1000253;DUT;2;Licence;L1PSY;;IUTSD;Paris;2017;IUTB;2020
1000254;Dip  univ3;1;Lic Pro;S3CR2;;UFR SMBH;Creteil;2009;UFR DSPS;2020
1000255;DFGSM;2;DUT;A1GE;;UFR SMBH;Paris;2018;UFR DSPS;2020
1000256;Lic Pro;1;Licence;B3SVI;;IUTSD;Versailles;2015;IUTV;2020
1000257;PACES;1;Licence;E1EGE;;UFR SMBH;Creteil;2011;UFR SEG;2020
1000258;DUT;1;Lic Pro;A3CIW;;IUTSD;Etranger;2012;IG;2020
1000259;PACES;1;Lic (IFSI);B3IFJV;;UFR SMBH;Creteil;2016;UFR DSPS;2020
1000260;PACES;1;Licence;G2SPI;;UFR SMBH;Versailles;2010;UFR LLSHS;2020
1000261;Cap  medec;1;Master Pro;E5CC;;UFR SMBH;Creteil;2016;UFR LLSHS;2020
1000262;Lic (IFSI);1;DUT;V1GE2;;UFR SMBH;Orleans;2015;UFR LLSHS;2020
1000263;Master;1;Master Pro;L5PPI;;UFR SMBH;Paris;2016;UFR SMBH;2020
1000264;Licence;3;Licence;B2SSO5;;UFR SMBH;Creteil;2015;UFR SMBH;2020
1000265;DUT;1;DUT;V1IN;;IUTSD;Paris;2015;UFR SMBH;2020
1000266;Licence;1;DUT;P1TC;;UFR DSPS;Etranger;2010;UFR SMBH;2020
1000267;Lic (IFSI);2;Licence;D3DRO;;UFR SMBH;Creteil;2012;UFR COM;2020
1000268;Master Pro;2;Licence;B1STA;;UFR DSPS;Etranger;2016;IG;2020
1000269;Licence;3;Master;E4CCA2;;UFR LLSHS;Etranger;2009;IUTSD;2020
1000270;DUT;2;Licence;L1ESP;;IUTSD;Rennes;2015;IUTB;2020
1000271;DAEU;1;Doctorat;G8IN;;UFR LLSHS;Lyon;2013;IUTB;2020
1000272;DUT;2;Master Pro;D5DCO;;IUTSD;Guadeloupe;2018;UFR SEG;2020
1000273;DUT;1;Licence;L3PSY;;IUTV;Guadeloupe;2009;UFR SMBH;2020
1000274;DUT;1;DUT;V2GR;;IUTB;Creteil;2010;UFR SMBH;2020
1000275;Lic Pro;1;Master Rec;D5EIE;;IUTV;Dijon;2010;UFR DSPS;2020
1000276;Licence;1;Licence;G1PC;;UFR LLSHS;Creteil;2015;IUTV;2020
1000277;Licence;1;Mast IADE;B5IADS;;UFR LLSHS;Versailles;2014;UFR LLSHS;2020
1000278;Licence;1;DUT;S1IM;;UFR SEG;Creteil;2017;UFR COM;2020
1000279;Licence;1;Dip  univ3;BUAA2;;UFR SMBH;Etranger;2014;UFR SEG;2020
1000280;DUT;1;DUT;V1CJ;;IUTB;Versailles;2011;IUTSD;2020
1000281;Cap  medec;2;Prep IEJ;DXEN;;UFR SMBH;Amiens;2010;IUTB;2020
1000282;C2I;1;Licence;L2PSY;;IG;Creteil;2016;IG;2020
1000283;Lic (IFSI);1;Licence;B1SVI;;UFR SMBH;Creteil;2014;UFR SMBH;2020
1000284;DUT;1;Ing  class;G5SC;;IUTSD;Versailles;2012;UFR SEG;2020
1000285;Dip  univ3;1;Dip  univ3;BUCVA;;UFR SMBH;Creteil;2011;UFR SMBH;2020
1000286;Licence;1;Licence;D1AES;;UFR DSPS;Creteil;2015;UFR SMBH;2020
1000287;Master Pro;2;Master;B4ES3;;UFR SMBH;Versailles;2012;IUTV;2020
1000288;Master;1;Lic (IFSI);B3IFDE;;UFR SMBH;Creteil;2018;IUTV;2020
1000289;Ing  class;1;Master Pro;L5CDEA;;IG;Versailles;2016;UFR SMBH;2020
1000290;Master;1;DUT;S1GE;;UFR DSPS;Creteil;2017;UFR SMBH;2020
1000291;Master Rec;2;Ing  class;G5ST;;UFR LLSHS;Versailles;2017;IUTSD;2020
1000292;Licence;3;Lic (IFSI);B2IFJV;;UFR DSPS;Poitiers;2017;IUTB;2020
1000293;Master Pro;2;Licence;L1LAE;;UFR SMBH;Creteil;2013;IUTB;2020
1000294;DUT;2;DES medec;B9SMG3;;IUTSD;Creteil;2011;UFR SMBH;2020
1000295;Lic (IFSI);1;Dip  univ3;BUACO2;;UFR SMBH;Etranger;2009;UFR SMBH;2020
1000296;Licence;1;Lic Pro;A3AI;;IG;Creteil;2011;UFR DSPS;2020
1000297;Mast MEEF;1;Licence;B1STA;;UFR SMBH;Versailles;2015;UFR SEG;2020
1000298;Master;1;Licence;D1DRO;;UFR COM;Versailles;2009;IUTV;2020
1000299;Licence;1;Master;L4PSY;;UFR LLSHS;Versailles;2018;UFR LLSHS;2020
1000300;Licence;1;DAEU;LXAA1;;UFR SMBH;Creteil;2014;UFR SMBH;2020
1000301;DUT;2;Lic (IFSI);B2IFVE;;IUTB;Creteil;2014;UFR SMBH;2020
1000302;Licence;3;DUT;S2TCA;;UFR DSPS;Versailles;2013;IUTSD;2020
1000303;DUT;1;Master;R4LL;;IUTB;Etranger;2014;UFR DSPS;2020
1000304;Doctorat;1;Licence;B2STA;;UFR LLSHS;Creteil;2015;UFR LLSHS;2020
1000305;DUT;2;Licence;E3EGE;;IUTSD;Versailles;2011;UFR SMBH;2020
1000306;Licence;2;Doctorat;G8PH;;UFR SMBH;Nantes;2015;IUTSD;2020
1000307;Licence;1;Licence;B2SSS;;UFR SMBH;Creteil;2009;UFR SMBH;2020
1000308;PACES;1;DUT;S1TC;;UFR SMBH;Versailles;2011;UFR SMBH;2020
1000309;DES medec;1;Licence;D1SPO;;UFR SMBH;Creteil;2018;UFR LLSHS;2020
1000310;Licence;1;Licence;B3SSS4;;UFR SMBH;Creteil;2015;IUTV;2020
1000311;Doctorat;3;Licence;E3ECO;;UFR DSPS;Creteil;2015;UFR DSPS;2020
1000312;PACES;1;DES medec;B9SPS;;UFR SMBH;Versailles;2009;UFR LLSHS;2020
1000313;Cap  medec;2;DUT;S1GE;;UFR SMBH;Paris;2018;IUTSD;2020
1000314;DUT;2;DAEU;LXAA1A;;IUTSD;Etranger;2012;IG;2020
1000315;Master Ind;2;Licence;D3AEI;;IG;Creteil;2013;UFR SMBH;2020
1000316;DUT;2;DUT;V2IN;;IUTSD;Creteil;2014;UFR SMBH;2020
1000317;Licence;1;Master Rec;L5SDL;;UFR DSPS;Paris;2011;UFR SEG;2020
1000318;Licence;3;Licence;B1STA;;UFR SMBH;Etranger;2018;UFR LLSHS;2020
1000319;Licence;2;Licence;E1EGE;;IG;Creteil;2012;UFR LLSHS;2020
1000320;Licence;2;Master Pro;L5ETA;;UFR SEG;Versailles;2014;IUTSD;2020
1000321;DUT;1;DUT;A2MM;;IUTV;Creteil;2016;UFR SMBH;2020
1000322;Dip  univ3;1;Licence;L1PMS5;;UFR SMBH;Versailles;2013;IUTV;2020
1000323;Licence;2;Licence;G1MIE;;IG;Versailles;2011;UFR SMBH;2020
1000324;DFASM;4;Licence;D1DRO;;UFR SMBH;Creteil;2018;IG;2020
1000325;PACES;1;Licence;L2LMO9;;UFR SMBH;Etranger;2013;IG;2020
1000326;Doctorat;1;Licence;G1SPI;;UFR LLSHS;Rouen;2014;UFR LLSHS;2020
1000327;Licence;3;Licence;E1EGE;;UFR DSPS;Creteil;2013;UFR SEG;2020
1000328;DUT;1;Master;D4REI;;IUTSD;Versailles;2012;IUTV;2020
1000329;Master;1;Master Ind;B5BTC;;UFR SMBH;Paris;2015;IUTSD;2020
1000330;Lic Pro;1;DES medec;B9SCG;;IUTV;Creteil;2009;IG;2020
1000331;Master;1;Lic Pro;V3ASR;;UFR LLSHS;Etranger;2009;IG;2020
1000332;Licence;1;DES medec;B92SMG;;UFR LLSHS;Creteil;2013;UFR SMBH;2020
1000333;DAEU;1;DUT;S2TCB;;UFR LLSHS;Versailles;2011;UFR DSPS;2020
1000334;DFGSM;2;DUT;V1CJ;;UFR SMBH;Amiens;2011;UFR DSPS;2020
1000335;Doctorat;3;DUT;S2TC;;IG;Creteil;2018;UFR SMBH;2020
1000336;Master;1;Master;L4PSY;;UFR COM;Etranger;2011;UFR DSPS;2020
1000337;Master;1;Lic (IFSI);B2IFTS;;UFR SMBH;Versailles;2014;UFR COM;2020
1000338;Master Pro;2;Licence;E1EGE;;UFR SEG;Etranger;2014;UFR SMBH;2020
1000339;Master Pro;2;DUT;S2GR;;UFR LLSHS;Versailles;2010;UFR SMBH;2020
1000340;DUT;1;Licence;L2PSY;;IUTB;Creteil;2016;IG;2020
1000341;Licence;1;DUT;A1GE2;;UFR SMBH;Creteil;2012;IUTB;2020
1000342;Lic Pro;1;PACES;B1PAES;;IUTV;Versailles;2017;IUTV;2020
1000343;DUT;1;Licence;D2DRO;;IUTV;Etranger;2009;IG;2020
1000344;Licence;3;Lic (IFSI);B3IFRB;;UFR SMBH;Creteil;2014;IUTSD;2020
1000345;DUT;2;Master;G4IR;;IUTB;Creteil;2013;UFR SMBH;2020
1000346;Lic (IFSI);3;Prep IEJ;DXEN;;UFR SMBH;Martinique;2011;UFR COM;2020
1000347;PACES;1;Licence;L3PSY;;UFR SMBH;Etranger;2012;IUTSD;2020
1000348;Master Pro;2;Master;B4MES3;;UFR COM;Rouen;2015;UFR LLSHS;2020
1000349;Licence;1;Licence;B3SVI;;IG;Versailles;2016;IG;2020
1000350;DUT;2;Licence;B1SSS;;IUTV;Creteil;2010;UFR DSPS;2020
1000351;Master;1;Master Pro;B5MOS4;;UFR LLSHS;Versailles;2011;IUTV;2020
1000352;Licence;3;Licence;L3SED;;UFR LLSHS;Versailles;2012;UFR SMBH;2020
1000353;Master;1;Master Pro;E5IMPI;;IG;Creteil;2015;UFR DSPS;2020
1000354;Master Ind;2;Licence;B1STA;;UFR SEG;Versailles;2009;IUTV;2020
1000355;DUT;2;DUT;S1HS;;IUTSD;Etranger;2011;UFR LLSHS;2020
1000356;Licence;1;Licence;L2ESP;;UFR LLSHS;Versailles;2017;IUTV;2020
1000357;DUT;2;Licence;B1SSO;;IUTSD;Etranger;2014;UFR LLSHS;2020
1000358;DUT;1;Licence;G2INF;;IUTSD;Paris;2018;IG;2020
1000359;Mast MEEF;1;Master Pro;G5EID;;UFR SMBH;Creteil;2009;UFR SMBH;2020
1000360;Master;1;Doctorat;G8MA;;UFR SMBH;Creteil;2009;UFR SMBH;2020
1000361;Licence;1;Dip  univ3;BUIAC;;UFR DSPS;Creteil;2015;IUTB;2020
1000362;Licence;2;DUT;P1TC;;UFR LLSHS;Lyon;2010;UFR LLSHS;2020
1000363;Lic Pro;1;Licence;D1AES;;IUTV;Versailles;2016;IUTB;2020
1000364;Lic Pro;1;DUT;V2CJ;;IUTB;Versailles;2018;UFR SEG;2020
1000365;Licence;1;Master;G4PSM;;UFR LLSHS;Creteil;2014;UFR SEG;2020
1000366;DUT;2;Licence;L3AC;;IUTV;Versailles;2011;UFR COM;2020
1000367;Lic Pro;1;Licence;G1SPI;;IUTSD;Etranger;2016;IG;2020
1000368;Licence;1;Master;B4APS;;UFR SMBH;Versailles;2009;UFR DSPS;2020
1000369;DUT;1;Master;L4EFI;;IUTSD;Etranger;2013;IG;2020
1000370;Master;1;DUT;S2IM3;;UFR SEG;Versailles;2011;IUTV;2020
1000371;DUT;1;DES medec;B93SMG;;IUTV;Etranger;2015;UFR SMBH;2020
1000372;Licence;1;Master;C4CL2;;UFR SMBH;Versailles;2014;UFR SMBH;2020
1000373;DUT;1;DUT;S1TC;;IUTV;Aix_Marsei;2010;IUTB;2020
1000374;DUT;1;PACES;B1PAES;;IUTV;Paris;2014;UFR DSPS;2020
1000375;PACES;1;Master Ind;C5CDL2;;UFR SMBH;Creteil;2017;UFR LLSHS;2020
1000376;Licence;1;Doctorat;L8HI;;UFR LLSHS;Versailles;2016;UFR LLSHS;2020
1000377;Doctorat;3;PACES;B1PAES;;UFR SMBH;Etranger;2013;IG;2020
1000378;Master Pro;2;Licence;B2SSS;;UFR SMBH;Versailles;2013;IG;2020
1000379;Dip  univ3;1;DUT;A2CA;;UFR SMBH;Creteil;2010;UFR SMBH;2020
1000380;PACES;1;Master Pro;E5BGR;;UFR SMBH;Etranger;2014;UFR SMBH;2020
1000381;Licence;2;Licence;E1EGEB;;UFR DSPS;Creteil;2014;UFR LLSHS;2020
1000382;Lic (IFSI);3;DAEU;LXAA3;;UFR SMBH;Martinique;2010;IUTB;2020
1000383;DFGSM;2;Master Pro;G5RIM;;UFR SMBH;Creteil;2010;UFR SMBH;2020
1000384;Master;1;Master;C4CEM;;UFR SEG;Etranger;2014;UFR LLSHS;2020
1000385;Master Rec;2;Licence;D1AES5;;UFR LLSHS;Creteil;2011;IUTV;2020
1000386;DUT;1;Master;L4PSY;;IUTB;Versailles;2009;IUTSD;2020
1000387;Licence;1;Master;B4MOS5;;UFR SEG;Creteil;2012;UFR DSPS;2020
1000388;Lic (IFSI);1;Licence;L2PSY4;;UFR SMBH;Etranger;2013;UFR SEG;2020
1000389;Licence;3;DUT;S1PR;;UFR LLSHS;Versailles;2016;IUTSD;2020
1000390;Licence;1;Ex medecin;B6EM;;UFR SMBH;Creteil;2013;UFR SMBH;2020
1000391;DUT;1;Cap  medec;B9AC2;;IUTSD;Versailles;2018;IUTSD;2020
1000392;Licence;1;Licence;D1DRO;;UFR DSPS;Creteil;2010;IUTV;2020
1000393;PACES;1;Lic Pro;A3MGO5;;UFR SMBH;Creteil;2015;UFR SMBH;2020
1000394;Master Rec;2;Lic Pro;V3MEC;;UFR DSPS;Nantes;2015;IUTB;2020
1000395;Licence;1;Master;L4ETH;;UFR LLSHS;Versailles;2012;UFR SMBH;2020
1000396;Master Ind;2;DUT;S2IM;;UFR SMBH;Versailles;2015;UFR SMBH;2020
1000397;Doctorat;3;DUT;V1CJ;;UFR SEG;Versailles;2018;UFR SEG;2020
1000398;Master;1;Lic (IFSI);B1IFJV;;UFR LLSHS;Versailles;2012;UFR SEG;2020
1000399;DFGSM;3;Licence;B1SSSI;;UFR SMBH;Creteil;2011;UFR SMBH;2020
1000400;Master;1;DUT;S2HS3;;UFR SMBH;Nantes;2016;UFR DSPS;2020
1000401;Master Pro;2;DAEU;LXAA1;;UFR SEG;Versailles;2009;UFR LLSHS;2020
1000402;Licence;1;Licence;L3SED;;UFR LLSHS;Etranger;2014;UFR LLSHS;2020
1000403;DUT;1;PACES;B1PAES;;IUTSD;Creteil;2011;UFR SMBH;2020
1000404;Licence;1;Master Pro;E5BCE;;UFR SEG;Versailles;2011;UFR SEG;2020
1000405;Dip  univ3;1;DUT;R2SDDT;;UFR SMBH;Creteil;2013;UFR SMBH;2020
1000406;Licence;1;DUT;V1CJ;;UFR DSPS;Guadeloupe;2017;UFR LLSHS;2020
1000407;DUT;1;Licence;D2AES5;;IUTV;Etranger;2014;UFR LLSHS;2020
1000408;DUT;2;Lic Pro;S3ME2;;IUTB;Versailles;2009;IG;2020
1000409;Licence;2;Doctorat;L8SL;;UFR LLSHS;Montpellie;2012;IUTSD;2020
1000410;Licence;2;Master Pro;B5MOS;;UFR DSPS;Creteil;2011;UFR LLSHS;2020
1000411;Licence;2;Licence;L1ESP;;UFR COM;Creteil;2014;IG;2020
1000412;Prep IEJ;1;Ex medecin;B6EM;;UFR DSPS;Creteil;2011;UFR SMBH;2020
1000413;Licence;1;Master;L4SED;;UFR DSPS;Orleans;2017;UFR COM;2020
1000414;Licence;2;Licence;G1PC9;;UFR LLSHS;Paris;2012;UFR DSPS;2020
1000415;Licence;1;Dip  univ3;BUURT;;UFR DSPS;Creteil;2012;UFR COM;2020
1000416;DUT;2;Master Pro;B5IFS3;;IUTSD;Creteil;2010;UFR DSPS;2020
1000417;Licence;1;Lic (IFSI);B3IFTS;;UFR SMBH;Versailles;2015;UFR DSPS;2020
1000418;Licence;1;Doctorat;G8MA;;IG;Creteil;2011;UFR DSPS;2020
1000419;Lic (IFSI);3;DFASM;B3DFAS;;UFR SMBH;Creteil;2015;UFR SMBH;2020
1000420;Lic (IFSI);3;Lic (IFSI);B1IFTS;;UFR SMBH;Versailles;2017;UFR LLSHS;2020
1000421;DUT;2;Ing  class;G5ST;;IUTB;Creteil;2017;IG;2020
1000422;Licence;1;Lic (IFSI);B1IFVE;;UFR SMBH;Versailles;2016;IUTV;2020
1000423;Lic Pro;1;Licence;L3PSY;;IUTSD;Creteil;2014;IUTB;2020
1000424;PACES;1;Master;B4NSP;;UFR SMBH;Versailles;2015;IUTSD;2020
1000425;Licence;2;Dip  univ3;BUNA3;;UFR SMBH;Versailles;2009;UFR SMBH;2020
1000426;Licence;1;DUT;V2IN;;UFR LLSHS;Grenoble;2011;UFR SMBH;2020
1000427;Licence;1;Lic (IFSI);B3IFDE;;UFR LLSHS;Creteil;2014;UFR SMBH;2020
1000428;Lic (IFSI);2;Licence;D1PMS4;;UFR SMBH;Creteil;2017;UFR DSPS;2020
1000429;Licence;3;Master Rec;D5EIE;;UFR SEG;Besancon;2018;UFR SMBH;2020
1000430;Licence;1;Lic Pro;V3RH3;;UFR DSPS;Versailles;2009;UFR COM;2020
1000431;Licence;2;Licence;E1EGE;;IG;Etranger;2010;UFR SMBH;2020
1000432;Lic (IFSI);3;Master Rec;L5CEA;;UFR SMBH;Creteil;2010;UFR DSPS;2020
1000433;Cap  medec;2;Dip  univ3;BUAC1A;;UFR SMBH;Guadeloupe;2010;UFR DSPS;2020
1000434;Licence;1;Licence;G1SPI;;UFR SMBH;Creteil;2018;UFR COM;2020
1000435;Licence;2;PACES;B1PAES;;UFR DSPS;Etranger;2013;UFR SEG;2020
1000436;Licence;1;Lic Pro;S3HOT2;;UFR LLSHS;Creteil;2014;IG;2020
1000437;Dip  univ3;1;Licence;G2SPI;;UFR SMBH;Orleans;2018;UFR COM;2020
1000438;DUT;1;Licence;L1LET;;IUTB;Paris;2014;UFR SMBH;2020
1000439;Licence;1;DUT;S1GE;;UFR COM;Paris;2009;IUTSD;2020
1000440;Licence;2;Lic Pro;S3CFA2;;UFR SMBH;Poitiers;2016;UFR SMBH;2020
1000441;Master Pro;2;DUT;S2TC7;;UFR LLSHS;Creteil;2011;UFR SEG;2020
1000442;PACES;1;PACES;B1PAES;;UFR SMBH;Guadeloupe;2010;IUTV;2020
1000443;Lic (IFSI);3;Licence;G3INF;;UFR SMBH;Versailles;2017;UFR DSPS;2020
1000444;Lic (IFSI);1;Master Pro;L5PPI;;UFR SMBH;Bordeaux;2018;UFR COM;2020
1000445;DUT;1;DUT;S2TC;;IUTV;Paris;2014;UFR SMBH;2020
1000446;Licence;2;Doctorat;E8SE;;UFR LLSHS;Versailles;2012;UFR SMBH;2020
1000447;Lic (IFSI);1;Licence;G1MAT;;UFR SMBH;Creteil;2018;IG;2020
1000448;Licence;1;DUT;V1CJ;;UFR SMBH;Rennes;2010;UFR LLSHS;2020
1000449;Licence;2;DFASM;B4DFAS;;UFR DSPS;Etranger;2017;IUTV;2020
1000450;Licence;1;DUT;S2TCB;;UFR SEG;Etranger;2014;UFR SMBH;2020
1000451;Licence;2;Master Rec;C5ICM;;UFR SMBH;Creteil;2009;UFR SMBH;2020
1000452;Lic (IFSI);3;Licence;B1STA;;UFR SMBH;Montpellie;2011;UFR LLSHS;2020
1000453;Licence;2;Licence;C2COM;;UFR DSPS;Creteil;2015;UFR LLSHS;2020
1000454;Licence;2;Licence;E3EGG;;UFR LLSHS;Martinique;2013;UFR SMBH;2020
1000455;Lic Pro;1;Master;G4PSM;;IUTV;Versailles;2018;IUTV;2020
1000456;DUT;2;Licence;G1MAT;;IUTSD;Versailles;2016;IUTSD;2020
1000457;Master Pro;2;Master;D4RSE;;UFR DSPS;Etranger;2014;IG;2020
1000458;DUT;1;DUT;V1CJ;;IUTB;Etranger;2016;UFR SEG;2020
1000459;DUT;1;Master;L4PSY;;IUTV;Creteil;2011;UFR SMBH;2020
1000460;Licence;1;Master Ind;C5IEC;;UFR SEG;Creteil;2018;IUTV;2020
1000461;Dip  univ3;1;DFASM;B6EME;;UFR SMBH;Etranger;2014;UFR LLSHS;2020
1000462;Mast MEEF;2;Master Pro;L5PPI;;UFR LLSHS;Etranger;2015;UFR SEG;2020
1000463;Lic Pro;1;Licence;L1HHI;;IUTSD;Creteil;2017;UFR DSPS;2020
1000464;Licence;1;Doctorat;G8MM;;UFR DSPS;Etranger;2010;UFR LLSHS;2020
1000465;Licence;2;Master;E4BFG2;;UFR DSPS;Creteil;2012;IUTB;2020
1000466;Ex medecin;5;Licence;E3EBF;;UFR SMBH;Creteil;2016;UFR SMBH;2020
1000467;Lic (IFSI);2;DFASM;B5DFAS;;UFR SMBH;Rennes;2015;UFR SMBH;2020
1000468;Licence;1;DUT;S1PR;;UFR DSPS;Paris;2010;UFR SEG;2020
1000469;Licence;1;Master Pro;B5BTC;;IG;Creteil;2010;UFR DSPS;2020
1000470;Licence;3;DUT;V2GF;;UFR LLSHS;Etranger;2018;UFR DSPS;2020
1000471;Lic Pro;1;Lic Pro;S3CCA4;;IUTV;Versailles;2017;IUTV;2020
1000472;Ex medecin;1;Licence;E3EGE;;UFR SMBH;Etranger;2009;UFR SMBH;2020
1000473;Licence;1;Licence;L2HGH;;UFR SEG;Creteil;2018;IUTB;2020
1000474;Master Pro;2;Licence;E1EGEB;;UFR SMBH;Paris;2016;UFR SMBH;2020
1000475;Licence;3;Licence;D3DRO;;UFR DSPS;Versailles;2010;UFR LLSHS;2020
1000476;Master Rec;2;PACES;B1PAES;;UFR LLSHS;Creteil;2016;IUTSD;2020
1000477;Licence;1;Licence;B3SSS;;UFR SMBH;Nantes;2009;UFR SMBH;2020
1000478;Licence;1;PACES;B1PAES;;UFR LLSHS;Etranger;2014;UFR DSPS;2020
1000479;Master;1;Dip  univ1;SUETI;;UFR SEG;Aix_Marsei;2016;UFR SMBH;2020
1000480;Licence;2;Licence;D1AES;;UFR DSPS;Creteil;2016;IUTSD;2020
1000481;Dip  univ3;1;Licence;B1SSO;;UFR SMBH;Creteil;2017;IUTSD;2020
1000482;Master Ind;2;Doctorat;L8SL;;IG;Amiens;2014;UFR SEG;2020
1000483;Licence;3;Lic Pro;S3RHB3;;UFR LLSHS;Versailles;2010;UFR SEG;2020
1000484;Licence;1;Licence;D2DRO;;UFR DSPS;Lyon;2015;UFR COM;2020
1000485;DUT;1;Licence;B1SSO;;IUTB;Creteil;2017;UFR SMBH;2020
1000486;Licence;1;DUT;S1TC;;IG;Creteil;2011;UFR SMBH;2020
1000487;Licence;1;DUT;A2SR;;UFR SMBH;Versailles;2011;UFR LLSHS;2020
1000488;Master Rec;2;Licence;L3ANG;;UFR LLSHS;Creteil;2016;IUTSD;2020
1000489;Licence;2;Licence;E2EGE;;UFR SMBH;Amiens;2016;IUTSD;2020
1000490;Master Ind;2;Licence;G1PI;;IG;Versailles;2011;UFR SMBH;2020
1000491;Lic Pro;1;Lic Pro;V3PAI2;;IUTSD;Creteil;2018;UFR LLSHS;2020
1000492;Lic (IFSI);3;Licence;C3COM;;UFR SMBH;Guadeloupe;2017;UFR SMBH;2020
1000493;Master;1;Doctorat;L8SL;;UFR DSPS;Bordeaux;2009;UFR COM;2020
1000494;Licence;2;Licence;G3MAT;;UFR LLSHS;Martinique;2009;UFR SMBH;2020
1000495;Licence;2;DUT;V1IN;;IG;Etranger;2012;IG;2020
1000496;Licence;2;Lic Pro;A3AI5;;UFR DSPS;Etranger;2011;UFR DSPS;2020
1000497;DES medec;3;Licence;B3SVI;;UFR SMBH;Etranger;2016;UFR SMBH;2020
1000498;Licence;1;Lic (IFSI);B3IFTS;;UFR SMBH;Creteil;2011;UFR SMBH;2020
1000499;Lic (IFSI);1;DUT;S2TC;;UFR SMBH;Versailles;2014;UFR LLSHS;2020
1000500;DUT;2;DUT;S1TC;;IUTB;Etranger;2018;UFR SEG;2020
1000501;DUT;1;PACES;B1PAES;;IUTV;Etranger;2013;UFR SMBH;2020
1000502;Licence;1;DFASM;B4DFAS;;UFR SMBH;Creteil;2016;IUTV;2020
1000503;Master Pro;2;Licence;G1MAT9;;UFR LLSHS;Etranger;2016;IG;2020
1000504;Licence;2;Licence;D2DRO;;UFR SEG;Etranger;2018;IG;2020
1000505;Master Pro;2;Ex medecin;B5EM;;IG;Etranger;2012;UFR SEG;2020
1000506;Licence;1;Master Rec;L5CLD;;UFR DSPS;Etranger;2018;UFR SMBH;2020
1000507;DUT;1;Licence;D2AES;;IUTSD;Creteil;2015;UFR LLSHS;2020
1000508;Licence;3;Master Pro;E5BGR;;UFR DSPS;Etranger;2015;IUTV;2020
1000509;DUT;2;Master;E4IEF;;IUTV;Creteil;2013;UFR SEG;2020
1000510;DUT;2;Mast IADE;B5IADS;;IUTB;Creteil;2015;IUTSD;2020
1000511;Licence;3;Licence;E2EGE;;IG;Etranger;2011;UFR SMBH;2020
1000512;Master Pro;2;Prep IEJ;DXEN;;UFR SMBH;Creteil;2013;UFR LLSHS;2020
1000513;DUT;2;Lic (IFSI);B3IFAV;;IUTSD;Creteil;2017;UFR DSPS;2020
1000514;Lic (IFSI);1;Master;D4PAP;;UFR SMBH;Etranger;2011;UFR SEG;2020
1000515;Dip  univ3;1;Master;D4DDA;;UFR SMBH;Creteil;2010;IG;2020
1000516;Lic (IFSI);3;Licence;C3COM;;UFR SMBH;Versailles;2014;IUTSD;2020
1000517;Doctorat;3;Master;C4CEM;;IG;Etranger;2012;IG;2020
1000518;Licence;1;Master;E4BFA;;UFR LLSHS;Etranger;2013;UFR DSPS;2020
1000519;Licence;1;DUT;V1CJ;;IG;Versailles;2011;IUTSD;2020
1000520;Licence;2;DUT;S1HS;;IG;Etranger;2018;UFR SMBH;2020
1000521;DUT;1;Licence;L1PSY;;IUTSD;Versailles;2013;UFR SEG;2020
1000522;Licence;2;Master;D4DDA;;UFR DSPS;Paris;2012;UFR SMBH;2020
1000523;DAEU;1;DUT;S1MP;;UFR LLSHS;Etranger;2013;UFR SMBH;2020
1000524;Lic Pro;1;Licence;C2COM;;IUTV;Creteil;2012;UFR LLSHS;2020
1000525;DUT;2;Master;E4GFE;;IUTSD;Creteil;2018;IG;2020
1000526;Licence;1;Lic (IFSI);B3IFAV;;UFR LLSHS;Paris;2016;UFR LLSHS;2020
1000527;Licence;2;Lic (IFSI);B2IFJV;;IG;Paris;2016;IUTSD;2020
1000528;Lic Pro;1;DFASM;B4DFAS;;IUTV;Creteil;2018;UFR SMBH;2020
1000529;Licence;1;Licence;D1DRO;;IG;Etranger;2017;UFR SMBH;2020
1000530;DUT;1;Licence;B2SVI;;IUTSD;Creteil;2016;UFR DSPS;2020
1000531;Licence;1;Ex medecin;B4EM;;UFR LLSHS;Nancy_Metz;2010;IG;2020
1000532;Licence;1;Licence;L3GEO;;UFR SMBH;Etranger;2009;UFR SMBH;2020
1000533;Licence;1;Cap  medec;B9MB1;;UFR LLSHS;Versailles;2016;UFR SEG;2020
1000534;Licence;1;Doctorat;L8PS;;UFR SEG;Creteil;2014;UFR SMBH;2020
1000535;DUT;1;Lic (IFSI);B1IFVE;;IUTSD;Creteil;2014;UFR SMBH;2020
1000536;DUT;2;Licence;C1COM;;IUTSD;Etranger;2012;UFR SMBH;2020
1000537;Licence;3;Licence;L3PSY;;UFR SEG;Creteil;2015;UFR SEG;2020
1000538;Licence;1;DFGSM;B2SM;;UFR LLSHS;Creteil;2011;IUTV;2020
1000539;Master Pro;2;Lic Pro;S3MDE;;UFR DSPS;Orleans;2018;UFR DSPS;2020
1000540;Lic (IFSI);1;Licence;G2INF;;UFR SMBH;Etranger;2011;UFR SEG;2020
1000541;Master Pro;2;Licence;G2MAT;;UFR SMBH;Etranger;2018;UFR DSPS;2020
1000542;Licence;3;DUT;V1CJ;;UFR COM;Creteil;2015;UFR SEG;2020
1000543;Master Pro;2;Master Ind;B5IFS3;;UFR SEG;Poitiers;2015;UFR SMBH;2020
1000544;Lic Pro;1;Licence;L1PMS5;;IUTV;Creteil;2014;UFR SEG;2020
1000545;Licence;2;Licence;B3SEP;;UFR DSPS;Creteil;2017;UFR DSPS;2020
1000546;Licence;1;DUT;S1GE;;UFR LLSHS;Creteil;2016;IUTB;2020
1000547;Master Pro;2;DUT;V1GE2;;UFR SMBH;Creteil;2013;IUTSD;2020
1000548;DUT;1;Lic (IFSI);B2IFTS;;IUTB;Creteil;2018;IG;2020
1000549;Licence;1;Master Pro;D5CDD;;UFR SMBH;Versailles;2011;UFR SEG;2020
1000550;Licence;1;Master;C4IC;;IG;Versailles;2009;IUTV;2020
1000551;Master Ind;2;Master;B4MES3;;IG;Creteil;2016;UFR SMBH;2020
1000552;Licence;2;DUT;A2GR;;UFR SMBH;Creteil;2010;UFR SMBH;2020
1000553;Cap  medec;1;Licence;D1PMS4;;UFR SMBH;Creteil;2016;UFR DSPS;2020
1000554;Ing  class;1;Master;B4BNS;;IG;Creteil;2009;UFR SMBH;2020
1000555;Lic Pro;1;Lic Pro;A3LGD;;IUTB;Creteil;2015;IUTV;2020
1000556;Ex medecin;4;Licence;B2SSO5;;UFR SMBH;Creteil;2014;UFR SMBH;2020
1000557;Lic Pro;1;Licence;B1STA;;IUTV;Creteil;2017;UFR SMBH;2020
1000558;DUT;1;DUT;V1IN;;IUTSD;Creteil;2013;UFR DSPS;2020
1000559;DUT;2;DUT;V1CJ;;IUTSD;Etranger;2010;IG;2020
1000560;DUT;1;DUT;A2GF2;;IUTB;Etranger;2012;UFR SMBH;2020
1000561;DUT;1;Licence;G2MAT9;;IUTV;Versailles;2017;UFR SEG;2020
1000562;DFASM;6;Lic Pro;A3AST;;UFR SMBH;Creteil;2009;UFR LLSHS;2020
1000563;Licence;1;Master Rec;D5EIE;;UFR LLSHS;Paris;2014;UFR SMBH;2020
1000564;DUT;2;Licence;E1EGEB;;IUTV;Creteil;2014;UFR SMBH;2020
1000565;Master;1;DUT;S1IM;;UFR SEG;Creteil;2016;IG;2020
1000566;Licence;1;Licence;D3AEI;;UFR LLSHS;Creteil;2010;UFR SMBH;2020
1000567;Lic (IFSI);3;Master;B4MES;;UFR SMBH;Creteil;2016;IUTB;2020
1000568;Licence;1;Master;L4PSY;;IG;Versailles;2016;UFR DSPS;2020
1000569;Licence;1;Licence;C1COM;;UFR LLSHS;Creteil;2010;UFR SMBH;2020
1000570;DUT;2;Master;B4MQS2;;IUTSD;Grenoble;2018;UFR DSPS;2020
1000571;Licence;1;DES medec;B92SPS;;UFR DSPS;Creteil;2014;IG;2020
1000572;Doctorat;3;Doctorat;D8DR;;IG;Etranger;2018;UFR LLSHS;2020
1000573;DUT;2;Licence;D1DRO;;IUTB;Etranger;2010;UFR SMBH;2020
1000574;Licence;1;Licence;B2STA;;UFR SEG;Rennes;2010;UFR DSPS;2020
1000575;Lic Pro;1;Licence;G1PC;;IUTV;Etranger;2015;IG;2020
1000576;Master Rec;2;DUT;A2MM;;UFR DSPS;Creteil;2015;UFR SMBH;2020
1000577;Licence;1;DUT;V2RT2;;UFR LLSHS;Creteil;2018;UFR SMBH;2020
1000578;DUT;1;Cap  medec;B9MT1;;IUTB;Etranger;2014;UFR SMBH;2020
1000579;Licence;2;Licence;B1STA;;UFR DSPS;Etranger;2014;UFR DSPS;2020
1000580;Licence;1;PACES;B1PAES;;UFR SEG;Versailles;2011;UFR LLSHS;2020
1000581;Licence;3;DUT;S1MP;;UFR DSPS;Creteil;2016;IUTB;2020
1000582;Lic (IFSI);1;DFGSM;B2SM;;UFR SMBH;Etranger;2017;UFR DSPS;2020
1000583;Licence;3;Lic Pro;A3ANP;;UFR LLSHS;Creteil;2013;IG;2020
1000584;Cap  medec;2;Master;D4REI;;UFR SMBH;Versailles;2010;UFR SMBH;2020
1000585;DUT;2;Licence;D1DRO;;IUTSD;Versailles;2011;UFR LLSHS;2020
1000586;Licence;1;Licence;G2SPI;;UFR DSPS;Creteil;2018;IG;2020
1000587;Master Ind;2;Licence;D1DRO;;UFR SMBH;Creteil;2012;UFR DSPS;2020
1000588;Licence;1;Dip  univ3;BUSIR;;UFR LLSHS;Versailles;2014;UFR COM;2020
1000589;Ing  class;1;DUT;V1GE;;IG;Versailles;2016;UFR COM;2020
1000590;Licence;3;Dip  univ1;EUCEP;;UFR SMBH;Grenoble;2015;IUTV;2020
1000591;Master Pro;2;PACES;B1PAES;;UFR DSPS;Creteil;2011;UFR SMBH;2020
1000592;DUT;1;Licence;B1SSO;;IUTV;Versailles;2015;UFR SMBH;2020
1000593;Licence;2;Licence;D3APS4;;UFR SEG;Versailles;2010;IUTV;2020
1000594;DFASM;4;Lic (IFSI);B1IFTS;;UFR SMBH;Creteil;2016;UFR SMBH;2020
1000595;DUT;1;Licence;G3ELD1;;IUTSD;Etranger;2009;IG;2020
1000596;DUT;1;Mast MEEF;L4MFES;;IUTSD;Etranger;2016;UFR SMBH;2020
1000597;DUT;2;DUT;S2IM2;;IUTV;Creteil;2011;UFR DSPS;2020
1000598;DUT;2;Licence;G1MAT;;IUTB;Versailles;2015;IG;2020
1000599;Licence;1;DUT;V1GEB;;UFR SMBH;Creteil;2011;UFR SMBH;2020
1000600;Licence;1;Doctorat;G8MA;;UFR LLSHS;Paris;2011;IG;2020
1000601;Lic (IFSI);1;Licence;L3PSY5;;UFR SMBH;Orleans;2017;UFR SMBH;2020
1000602;Master Pro;2;Master Pro;E5BFG;;UFR DSPS;Etranger;2013;UFR LLSHS;2020
1000603;DUT;1;Dip  univ3;BUEB1;;IUTSD;Creteil;2009;UFR SMBH;2020
1000604;Licence;3;DUT;S1TCA;;IG;Etranger;2011;UFR LLSHS;2020
1000605;Dip  univ3;2;PACES;B1PAES;;UFR SMBH;Versailles;2018;UFR DSPS;2020
1000606;Master Pro;2;Licence;L1LAE;;UFR LLSHS;Versailles;2010;UFR COM;2020
1000607;Licence;1;DUT;S1GR2;;UFR SEG;Paris;2016;UFR DSPS;2020
1000608;PACES;1;DUT;S1TC;;UFR SMBH;Etranger;2014;UFR SMBH;2020
1000609;Master Pro;2;Licence;L2PSY;;UFR SEG;Versailles;2012;IUTB;2020
1000610;Lic (IFSI);3;Lic Pro;A3TC2;;UFR SMBH;Versailles;2013;UFR SMBH;2020
1000611;Dip  univ3;2;Master Pro;D5CDD;;UFR SMBH;Etranger;2013;UFR COM;2020
1000612;Licence;1;DUT;A2GR;;UFR DSPS;Creteil;2010;UFR LLSHS;2020
1000613;Licence;2;Licence;D3DRO;;IG;Creteil;2010;UFR LLSHS;2020
1000614;Ex medecin;4;Dip  univ3;BUSC;;UFR SMBH;Creteil;2018;UFR SMBH;2020
1000615;Master Pro;2;Licence;C2COM;;UFR SEG;Versailles;2011;UFR SMBH;2020
1000616;PACES;1;Cap  medec;B9AC2;;UFR SMBH;Paris;2009;UFR SMBH;2020
1000617;Licence;1;Licence;R1LL;;UFR LLSHS;Guadeloupe;2015;UFR SMBH;2020
1000618;Licence;1;DUT;A2GBA;;UFR DSPS;Rennes;2012;UFR SMBH;2020
1000619;PACES;1;Master;L4PSY;;UFR SMBH;Versailles;2009;UFR SMBH;2020
1000620;Dip  univ3;1;Licence;L1ANG;;UFR SMBH;Versailles;2013;IUTSD;2020
1000621;DUT;1;Lic Pro;V3RH;;IUTB;Etranger;2010;UFR SMBH;2020
1000622;PACES;1;Licence;D2AES;;UFR SMBH;Etranger;2012;UFR SMBH;2020
1000623;Licence;1;Licence;L1ANG;;UFR LLSHS;Etranger;2013;IG;2020
1000624;Att  univ2;1;DUT;A1GE;;UFR SMBH;Creteil;2014;UFR DSPS;2020
1000625;DUT;2;Licence;L2PSY5;;IUTV;Creteil;2018;IUTSD;2020
1000626;DUT;1;Licence;D1AES;;IUTSD;Creteil;2010;IG;2020
1000627;Dip  univ1;1;Master Pro;E5CCA;;UFR LLSHS;Creteil;2012;IUTSD;2020
1000628;Master;1;Licence;B1STA;;UFR COM;Creteil;2016;IG;2020
1000629;Lic (IFSI);3;Licence;L1ESP;;UFR SMBH;Versailles;2018;UFR SMBH;2020
1000630;Master Pro;2;Licence;L2SED;;UFR SMBH;Creteil;2018;UFR SEG;2020
1000631;DUT;2;DUT;S1HS2;;IUTB;Etranger;2011;UFR LLSHS;2020
1000632;Dip  univ2;1;Master Rec;G5BIO;;UFR SEG;Creteil;2009;IUTB;2020
1000633;Licence;1;Licence;L1PMS5;;UFR DSPS;Versailles;2015;IUTSD;2020
1000634;DUT;2;Dip  univ3;BUEB3;;IUTV;Versailles;2010;UFR SEG;2020
1000635;Cap  medec;2;Licence;D3DRO6;;UFR SMBH;Creteil;2013;UFR DSPS;2020
1000636;Master Rec;2;Licence;L1PSY;;UFR LLSHS;Paris;2011;UFR SMBH;2020
1000637;Master;1;PACES;B1PAES;;IG;Versailles;2018;IUTV;2020
1000638;Master;1;DUT;V2CJ;;UFR SMBH;Versailles;2013;IG;2020
1000639;Licence;1;Licence;B1SSO;;UFR DSPS;Etranger;2017;IG;2020
1000640;Master Rec;2;Licence;B2SVI;;UFR SMBH;Creteil;2011;IUTV;2020
1000641;Licence;1;DUT;S2MP;;UFR SMBH;Paris;2014;IUTSD;2020
1000642;Master;1;DFGSM;B3SM;;UFR SMBH;Versailles;2017;IG;2020
1000643;Licence;2;Licence;L3ANG;;IG;Creteil;2009;UFR SMBH;2020
1000644;DUT;1;Lic (IFSI);B3IFJV;;IUTV;Guadeloupe;2011;UFR SMBH;2020
1000645;Lic Pro;1;Licence;D1AES;;UFR COM;Creteil;2011;UFR SMBH;2020
1000646;Lic Pro;1;Licence;E1EGE9;;IUTV;Creteil;2014;IUTSD;2020
1000647;Master Pro;2;Licence;D1AES;;UFR SEG;Reims;2015;UFR SMBH;2020
1000648;Lic Pro;1;Licence;E1EGE;;IUTB;Paris;2013;IUTSD;2020
1000649;Master;1;Lic (IFSI);B3IFJV;;IG;Paris;2015;UFR SMBH;2020
1000650;Master;1;Licence;D1AES4;;UFR LLSHS;Versailles;2009;UFR DSPS;2020
1000651;DUT;2;Licence;B2STA;;IUTSD;Creteil;2011;IUTB;2020
1000652;Master;1;Licence;G1INF;;UFR SMBH;Versailles;2013;IG;2020
1000653;Licence;2;Master;L4PSY;;UFR DSPS;Versailles;2014;UFR COM;2020
1000654;Master;1;Licence;B1STA;;UFR SEG;Creteil;2017;UFR DSPS;2020
1000655;Licence;1;DFGSM;B3SM;;IG;Creteil;2017;UFR SMBH;2020
1000656;Lic (IFSI);3;Lic Pro;V3ACC1;;UFR SMBH;Etranger;2015;IG;2020
1000657;Licence;1;Licence;G3INF;;UFR SEG;Versailles;2016;IG;2020
1000658;Doctorat;3;Licence;E2EGE;;IG;Creteil;2009;UFR SMBH;2020
1000659;Master Pro;2;Lic (IFSI);B3IFLC;;UFR SEG;Versailles;2013;UFR SMBH;2020
1000660;Licence;1;Lic (IFSI);B2IFVE;;UFR LLSHS;Etranger;2013;UFR DSPS;2020
1000661;PACES;1;Lic Pro;A3AM2;;UFR SMBH;Martinique;2018;UFR SMBH;2020
1000662;Lic (IFSI);3;Lic (IFSI);B3IFVE;;UFR SMBH;Creteil;2011;UFR DSPS;2020
1000663;Licence;1;PACES;B1PAES;;UFR SEG;Versailles;2012;UFR SEG;2020
1000664;Dip  univ3;1;Licence;D2AES5;;UFR SMBH;Aix_Marsei;2016;IUTSD;2020
1000665;Licence;3;DUT;S2PR;;UFR SEG;Versailles;2014;UFR LLSHS;2020
1000666;Licence;1;Licence;C3COM;;UFR LLSHS;Etranger;2009;IUTV;2020
1000667;Licence;2;Licence;B1SSO;;UFR DSPS;Etranger;2018;UFR DSPS;2020
1000668;DUT;1;Dip  univ2;SUR22;;IUTB;Etranger;2011;UFR SMBH;2020
1000669;Licence;1;Licence;D1DRO;;IG;Creteil;2016;IG;2020
1000670;Licence;2;Licence;G2SPI;;UFR SEG;Amiens;2009;UFR SMBH;2020
1000671;Master;1;Licence;D1DRO;;UFR DSPS;Versailles;2018;UFR LLSHS;2020
1000672;Licence;3;Master Pro;B5MOS;;UFR DSPS;Grenoble;2013;IUTSD;2020
1000673;Licence;3;Licence;L1LAE;;UFR COM;Etranger;2009;IG;2020
1000674;Licence;1;Licence;D2AES;;UFR SMBH;Creteil;2012;UFR LLSHS;2020
1000675;Master Pro;2;Licence;D1PMS4;;UFR LLSHS;Versailles;2015;UFR SMBH;2020
1000676;Lic (IFSI);1;Licence;B1SSO;;UFR SMBH;Etranger;2015;UFR SMBH;2020
1000677;Licence;2;Licence;L3PSY;;UFR LLSHS;Versailles;2018;UFR SMBH;2020
1000678;Licence;2;Licence;B2SVI;;UFR LLSHS;Creteil;2018;UFR LLSHS;2020
1000679;Licence;3;Master Pro;B5MES;;UFR DSPS;Creteil;2017;UFR LLSHS;2020
1000680;Doctorat;2;Master;E4BFG;;IG;Etranger;2012;UFR LLSHS;2020
1000681;DUT;1;Licence;B2SVI;;IUTV;Creteil;2017;UFR DSPS;2020
1000682;Master;1;Master Pro;G5BIO;;UFR SMBH;Orleans;2010;UFR SMBH;2020
1000683;Master Pro;2;DFASM;B6EME;;UFR LLSHS;Creteil;2014;UFR SMBH;2020
1000684;DUT;1;Licence;B1SSO;;IUTV;Creteil;2015;UFR SEG;2020
1000685;DFGSM;3;Mast MEEF;L5MF1D;;UFR SMBH;Creteil;2015;IUTV;2020
1000686;Licence;1;DUT;P1SG;;UFR SMBH;Etranger;2015;IG;2020
1000687;Licence;2;DUT;V1GE;;UFR COM;Creteil;2009;UFR SMBH;2020
1000688;Cap  medec;2;DUT;S2GF;;UFR SMBH;Creteil;2014;IUTSD;2020
1000689;Licence;1;Licence;B2SSS5;;UFR LLSHS;Etranger;2012;UFR COM;2020
1000690;Licence;2;Licence;E1EGE;;UFR LLSHS;Etranger;2009;UFR DSPS;2020
1000691;Lic Pro;1;Ex medecin;B1EM;;IUTB;Etranger;2009;IUTSD;2020
1000692;Licence;1;DUT;S1GE;;UFR SMBH;Etranger;2014;UFR LLSHS;2020
1000693;DUT;1;Master;G4GP;;IUTV;Versailles;2015;IUTSD;2020
1000694;Licence;1;DUT;S2TC;;UFR SEG;Etranger;2014;UFR LLSHS;2020
1000695;Master Pro;2;Licence;G1MAT;;UFR COM;Creteil;2018;UFR DSPS;2020
1000696;Ing  class;2;Licence;C1COM;;IG;Versailles;2015;IG;2020
1000697;Licence;1;Master;E4FGR2;;UFR SMBH;Creteil;2018;UFR LLSHS;2020
1000698;Lic Pro;1;Licence;D1AES;;UFR COM;Creteil;2010;UFR SMBH;2020
1000699;Lic Pro;1;Dip  univ3;BUPH2C;;IUTB;Paris;2012;UFR SMBH;2020
1000700;Licence;2;DUT;V2IDA;;UFR SEG;Rennes;2012;IUTSD;2020
1000701;Licence;2;Ing  class;G4ST;;UFR DSPS;Creteil;2016;IUTSD;2020
1000702;DFGSM;2;Master Pro;B5MQS2;;UFR SMBH;Etranger;2016;UFR SMBH;2020
1000703;Ing  class;1;Doctorat;E8SE;;IG;Amiens;2014;IUTV;2020
1000704;Dip  univ3;2;Licence;G1SPI;;UFR SMBH;Creteil;2017;UFR SMBH;2020
1000705;Master;1;Licence;G2SPI;;UFR LLSHS;Versailles;2011;UFR SEG;2020
1000706;DUT;1;Licence;B1SVI;;IUTSD;Paris;2010;UFR SMBH;2020
1000707;Licence;2;Lic Pro;S3IR2;;UFR SMBH;Creteil;2012;UFR DSPS;2020
1000708;Licence;3;Licence;G1INF;;UFR DSPS;Creteil;2017;IUTSD;2020
1000709;Lic Pro;1;Cap  medec;B9MT1;;IUTV;Amiens;2013;IG;2020
1000710;Doctorat;3;Ing  class;G5ST;;UFR SMBH;Versailles;2010;UFR DSPS;2020
1000711;Licence;2;Licence;B2SSS;;UFR LLSHS;Creteil;2011;UFR DSPS;2020
1000712;Dip  univ3;1;Licence;D1PMS4;;UFR SMBH;Etranger;2016;UFR SMBH;2020
1000713;DES medec;1;DUT;V1IN;;UFR SMBH;Guyane;2013;UFR LLSHS;2020
1000714;Licence;1;Licence;L2LAE;;UFR DSPS;Creteil;2014;IUTSD;2020
1000715;PACES;1;Master;C4CEM;;UFR SMBH;Etranger;2014;UFR LLSHS;2020
1000716;Licence;1;Licence;B1STA;;UFR LLSHS;Versailles;2018;IUTB;2020
1000717;Lic Pro;1;DUT;S1PR;;IUTSD;Rennes;2013;UFR LLSHS;2020
1000718;Licence;1;Master;B4MES;;UFR DSPS;Guadeloupe;2014;IG;2020
1000719;DUT;2;Lic (IFSI);B3IFDE;;IUTSD;Etranger;2018;UFR SMBH;2020
1000720;Master;1;Master;D4DDA8;;UFR SMBH;Creteil;2010;UFR SMBH;2020
1000721;Licence;1;Master Pro;E5CEE2;;UFR SMBH;Etranger;2017;UFR COM;2020
1000722;PACES;1;Lic Pro;S3EF2;;UFR SMBH;Etranger;2010;UFR COM;2020
1000723;Licence;2;Licence;B2SSS4;;UFR DSPS;Etranger;2012;UFR SMBH;2020
1000724;DUT;2;Licence;L1ESP;;IUTSD;Creteil;2009;UFR SEG;2020
1000725;DUT;2;PACES;B1PAES;;IUTB;Etranger;2013;UFR SEG;2020
1000726;Master;1;Prep IEJ;DXEN;;UFR LLSHS;Versailles;2013;IG;2020
1000727;Master;1;Master;L4PSY;;UFR SMBH;Creteil;2012;UFR SEG;2020
1000728;PACES;1;Licence;D3DRO;;UFR SMBH;Paris;2010;IUTV;2020
1000729;Master;1;DUT;A1SR;;UFR SMBH;Etranger;2011;IG;2020
1000730;DUT;1;DUT;S2TC;;IUTV;Paris;2011;IUTSD;2020
1000731;Licence;3;Lic (IFSI);B2IFVE;;UFR DSPS;Etranger;2016;UFR SEG;2020
1000732;DUT;1;Licence;D1DRO;;IUTSD;Versailles;2013;UFR SMBH;2020
1000733;DUT;1;Licence;C1COM;;IUTSD;Versailles;2011;UFR LLSHS;2020
1000734;DUT;1;Doctorat;E8SG;;IUTSD;Creteil;2010;IUTSD;2020
1000735;Lic (IFSI);3;Licence;D1DRO;;UFR SMBH;Creteil;2010;UFR SMBH;2020
1000736;DES medec;1;Licence;L2LET;;UFR SMBH;Creteil;2016;UFR LLSHS;2020
1000737;Ex medecin;4;Master;L4SDL;;UFR SMBH;Versailles;2014;IUTV;2020
1000738;Dip  univ2;1;Dip  univ2;SUR22;;UFR SMBH;Creteil;2012;UFR SMBH;2020
1000739;Master Pro;2;DFGSM;B3SM;;UFR COM;Etranger;2015;UFR DSPS;2020
1000740;Master Pro;2;Licence;D1SPO;;UFR DSPS;indetermin;2013;IUTSD;2020
1000741;Licence;2;Master Pro;B5MES3;;UFR SMBH;Guadeloupe;2016;UFR DSPS;2020
1000742;Licence;2;Lic Pro;S3MDE2;;IG;Creteil;2015;UFR DSPS;2020
1000743;Licence;2;Licence;D1DRO;;UFR LLSHS;Creteil;2012;IUTSD;2020
1000744;Doctorat;3;DFGSM;B3SM;;UFR SMBH;Creteil;2014;UFR DSPS;2020
1000745;DUT;1;Licence;D3DRO;;IUTV;Creteil;2014;UFR SMBH;2020
1000746;Licence;1;Lic Pro;V3EON;;IG;Versailles;2016;UFR DSPS;2020
1000747;DUT;1;Licence;E3EGG;;IUTB;Creteil;2009;UFR DSPS;2020
1000748;Licence;1;Master Rec;L5CAE;;UFR LLSHS;Rennes;2013;UFR SMBH;2020
1000749;Licence;3;DUT;V2CJ;;UFR LLSHS;Creteil;2011;UFR SMBH;2020
1000750;Licence;3;Licence;B1SSSI;;UFR LLSHS;Paris;2014;IG;2020
1000751;DUT;1;Licence;D3APS4;;IUTB;Creteil;2015;UFR SMBH;2020
1000752;Lic (IFSI);3;Licence;L3HGE;;UFR SMBH;Etranger;2010;UFR SMBH;2020
1000753;Licence;1;PACES;B1PAES;;UFR COM;Versailles;2011;IUTV;2020
1000754;Licence;1;DUT;A1GE;;UFR DSPS;Guadeloupe;2014;IUTV;2020
1000755;DUT;1;Master;G4ISB;;IUTB;Creteil;2015;IUTB;2020
1000756;DUT;1;Dip  univ3;BUMS;;IUTSD;Creteil;2018;UFR SMBH;2020
1000757;DUT;2;Licence;L1LAE;;IUTSD;Creteil;2018;UFR DSPS;2020
1000758;DUT;2;Licence;D1AES;;IUTSD;Creteil;2009;UFR LLSHS;2020
1000759;Master;1;Ing  class;G4ST;;UFR DSPS;Versailles;2014;IG;2020
1000760;Lic (IFSI);3;Lic Pro;S3SST2;;UFR SMBH;Versailles;2011;IUTV;2020
1000761;Lic Pro;1;Licence;D3APS4;;IUTB;Paris;2009;UFR LLSHS;2020
1000762;Master;1;Master;E4CCA2;;UFR DSPS;Creteil;2011;IG;2020
1000763;Licence;2;Licence;B3SSS;;UFR SMBH;Etranger;2010;IG;2020
1000764;Lic Pro;1;DUT;A1GE;;IUTB;Versailles;2017;UFR SMBH;2020
1000765;Master;1;DUT;S1IM;;UFR SMBH;Versailles;2014;UFR SMBH;2020
1000766;Licence;2;Licence;B1SSO;;IG;Versailles;2015;UFR DSPS;2020
1000767;Doctorat;3;Licence;G1INF;;UFR SEG;Versailles;2017;UFR COM;2020
1000768;DES medec;3;DUT;S2TC;;UFR SMBH;Versailles;2017;UFR SMBH;2020
1000769;Licence;1;Licence;D1SPO;;UFR DSPS;Creteil;2009;IUTSD;2020
1000770;Licence;1;Master;B4MOS5;;UFR SMBH;Creteil;2010;IG;2020
1000771;Master;1;Licence;D1SPO;;UFR DSPS;Etranger;2015;IG;2020
1000772;Licence;2;Dip  univ3;BUCR2;;UFR SMBH;Creteil;2012;UFR LLSHS;2020
1000773;DUT;1;DUT;S1GE;;IUTV;Creteil;2014;UFR SMBH;2020
1000774;Licence;2;Licence;L2PSY;;UFR LLSHS;Versailles;2012;IUTSD;2020
1000775;Licence;1;Lic (IFSI);B1IFLC;;IG;Aix_Marsei;2014;IUTV;2020
1000776;Licence;1;Licence;B2SVI;;UFR SMBH;Martinique;2011;IG;2020
1000777;Dip  univ3;2;Master Pro;B5QS3;;UFR SMBH;Creteil;2009;UFR LLSHS;2020
1000778;Lic (IFSI);3;Licence;L1GEA;;UFR SMBH;Etranger;2014;UFR SMBH;2020
1000779;Licence;1;Licence;L2PSY;;IG;Creteil;2010;UFR SMBH;2020
1000780;Master Ind;2;DUT;V2GP;;UFR SEG;Etranger;2011;UFR DSPS;2020
1000781;Lic Pro;1;HDR;G9SC;;IUTV;Etranger;2016;IG;2020
1000782;Master;1;DFGSM;B3SM;;UFR LLSHS;Creteil;2013;UFR LLSHS;2020
1000783;Lic (IFSI);1;Licence;G3PC;;UFR SMBH;Versailles;2011;UFR SEG;2020
1000784;Licence;3;Lic Pro;V3SIL5;;UFR SMBH;Creteil;2017;UFR SEG;2020
1000785;Licence;1;DUT;V1IN;;UFR SMBH;Etranger;2015;UFR SEG;2020
1000786;Lic (IFSI);1;DUT;V1IN;;UFR SMBH;Creteil;2009;UFR DSPS;2020
1000787;Licence;2;Licence;C1COM;;UFR SMBH;Paris;2011;UFR SMBH;2020
1000788;Licence;3;Licence;D2DRO;;UFR SEG;Creteil;2013;UFR LLSHS;2020
1000789;Licence;2;DFGSM;B3SM;;UFR DSPS;Creteil;2017;UFR SMBH;2020
1000790;Doctorat;3;Licence;L1PSY;;UFR DSPS;Lyon;2017;UFR SMBH;2020
1000791;PACES;1;Lic (IFSI);B3IFAV;;UFR SMBH;Aix_Marsei;2015;UFR COM;2020
1000792;Licence;3;DUT;V1RT;;UFR DSPS;Etranger;2009;UFR SMBH;2020
1000793;PACES;1;Licence;B2SSO5;;UFR SMBH;Creteil;2014;UFR SMBH;2020
1000794;Licence;3;Licence;D1DRO;;UFR LLSHS;Guadeloupe;2017;IUTV;2020
1000795;Licence;3;Licence;B1STA;;IG;Versailles;2015;UFR SMBH;2020
1000796;Licence;1;DES medec;B93SMG;;UFR SEG;Creteil;2013;UFR DSPS;2020
1000797;Master Rec;2;Lic (IFSI);B1IFJV;;UFR DSPS;Creteil;2013;UFR SMBH;2020
1000798;Licence;3;DAEU;LXAA3;;UFR LLSHS;Paris;2013;IUTSD;2020
1000799;Master;1;DFASM;B4DFAS;;UFR LLSHS;Creteil;2017;IUTSD;2020
1000800;DES medec;4;Lic (IFSI);B1IFVE;;UFR SMBH;Creteil;2014;IG;2020
1000801;Licence;1;Licence;D1AES;;UFR DSPS;Amiens;2015;UFR LLSHS;2020
1000802;Licence;3;DUT;S1TC;;UFR LLSHS;Amiens;2015;UFR LLSHS;2020
1000803;Licence;2;DFASM;B4DFAS;;IG;Etranger;2016;UFR LLSHS;2020
1000804;Licence;3;DUT;S1HS;;UFR LLSHS;Versailles;2009;IUTV;2020
1000805;Doctorat;2;DFASM;B4DFAS;;IG;Etranger;2017;UFR SMBH;2020
1000806;Master;1;Licence;B1STA;;UFR DSPS;Rennes;2011;UFR SMBH;2020
1000807;Licence;1;Dip  univ3;BUCR1;;UFR DSPS;Creteil;2015;UFR DSPS;2020
1000808;Cap  medec;2;Master;L4PSY;;UFR SMBH;Creteil;2011;UFR DSPS;2020
1000809;Lic Pro;1;Licence;G3SPI;;IUTB;Creteil;2012;IUTSD;2020
1000810;Lic Pro;1;Licence;D1AES;;IUTV;Creteil;2018;IG;2020
1000811;Master Pro;2;Licence;G2SPI;;UFR SMBH;Creteil;2015;IUTV;2020
1000812;Lic (IFSI);2;DUT;S2GF7;;UFR SMBH;Etranger;2017;UFR LLSHS;2020
1000813;Licence;3;Master;R4SCES;;UFR COM;Versailles;2018;UFR LLSHS;2020
1000814;Licence;1;Licence;D1DRO;;UFR LLSHS;Versailles;2011;IUTV;2020
1000815;Lic (IFSI);1;Licence;E2EGE;;UFR SMBH;Creteil;2018;UFR SMBH;2020
1000816;Master;1;Lic Pro;S3ASP2;;UFR COM;Creteil;2010;IUTV;2020
1000817;PACES;1;DUT;A1CG;;UFR SMBH;Etranger;2009;UFR LLSHS;2020
1000818;Master;1;DUT;A2GR;;UFR SEG;Versailles;2010;UFR LLSHS;2020
1000819;PACES;1;Lic Pro;V3PAI;;UFR SMBH;Clermont;2017;UFR LLSHS;2020
1000820;Licence;1;Lic (IFSI);B2IFAV;;UFR SEG;Etranger;2012;UFR LLSHS;2020
1000821;Master;1;Master Pro;B5MES3;;UFR DSPS;Creteil;2014;UFR SMBH;2020
1000822;Licence;1;Licence;E3EGE;;UFR DSPS;Creteil;2010;IUTV;2020
1000823;DUT;2;Lic (IFSI);B2IFAV;;IUTSD;Creteil;2012;UFR DSPS;2020
1000824;Licence;2;Licence;L1GEA;;UFR LLSHS;Versailles;2017;UFR SMBH;2020
1000825;Dip  univ2;2;DUT;A1MM;;UFR DSPS;Creteil;2016;IUTSD;2020
1000826;Licence;3;Dip  univ3;BUPH3;;UFR DSPS;La Reunion;2011;UFR LLSHS;2020
1000827;Master Rec;2;DUT;S2HS;;UFR SEG;Creteil;2011;UFR SMBH;2020
1000828;DUT;2;Master Rec;D5DPI;;IUTV;Etranger;2016;UFR SEG;2020
1000829;DUT;1;Ex medecin;B1EM;;IUTSD;Versailles;2009;IUTB;2020
1000830;Licence;1;DUT;A1GE;;UFR SEG;Creteil;2011;UFR SMBH;2020
1000831;Master Pro;2;Licence;D1SPO;;UFR SMBH;Creteil;2012;UFR SMBH;2020
1000832;DES medec;1;Master Rec;L5SDL;;UFR SMBH;Paris;2009;UFR SMBH;2020
1000833;Master Pro;2;DUT;A2SR;;UFR SEG;Creteil;2013;UFR SMBH;2020
1000834;Licence;2;DUT;V2EI;;UFR DSPS;Creteil;2009;IUTV;2020
1000835;DUT;1;Licence;B1SVI;;IUTV;Creteil;2012;IUTV;2020
1000836;Licence;2;Licence;D1DRO;;UFR DSPS;Versailles;2011;UFR SMBH;2020
1000837;DAEU;1;Dip  univ3;BUCR1;;UFR LLSHS;Creteil;2015;UFR LLSHS;2020
1000838;Licence;2;Lic Pro;A3ASO2;;UFR SMBH;Creteil;2018;UFR SMBH;2020
1000839;Lic Pro;1;PACES;B1PAES;;IUTB;Versailles;2018;UFR COM;2020
1000840;Licence;3;Master;E4MAR;;UFR SMBH;Montpellie;2012;UFR DSPS;2020
1000841;Licence;1;Licence;D3DRO;;UFR SMBH;Etranger;2013;IG;2020
1000842;Licence;1;Licence;E1EGE9;;IG;Creteil;2017;UFR LLSHS;2020
1000843;Licence;1;Dip  univ3;BUPH2C;;UFR DSPS;Etranger;2009;IUTB;2020
1000844;Master;1;Master;B4SST;;UFR SEG;Versailles;2018;UFR SMBH;2020
1000845;Master Ind;2;PACES;B1PAES;;UFR SMBH;Paris;2018;IUTV;2020
1000846;Licence;2;Licence;C1COM;;UFR SMBH;Versailles;2016;IUTV;2020
1000847;Master;1;Licence;L3PSY;;UFR SMBH;Versailles;2011;UFR LLSHS;2020
1000848;Lic Pro;1;PACES;B1PAES;;IUTB;Creteil;2015;UFR SMBH;2020
1000849;Master;1;Licence;G1MAT;;UFR LLSHS;Paris;2018;UFR DSPS;2020
1000850;Licence;1;Licence;B2STA;;UFR LLSHS;Creteil;2011;UFR SEG;2020
1000851;DUT;2;Licence;B1SVI;;IUTB;Creteil;2009;UFR SMBH;2020
1000852;Master;1;Licence;G2MAT;;UFR LLSHS;Versailles;2009;UFR DSPS;2020
1000853;Dip  univ3;1;Licence;D2AES4;;UFR SMBH;Versailles;2009;UFR SEG;2020
1000854;DUT;2;DUT;S1GR2;;IUTV;Creteil;2011;UFR COM;2020
1000855;Licence;2;Licence;B1SSO;;UFR LLSHS;Paris;2014;IUTV;2020
1000856;DUT;1;Master Pro;L5TDD;;IUTV;Creteil;2012;UFR DSPS;2020
1000857;Master;1;DUT;A2SR;;UFR SMBH;Etranger;2009;IUTSD;2020
1000858;DUT;2;Licence;G1INF;;IUTV;Versailles;2014;IUTV;2020
1000859;DUT;1;Master;C4CRH2;;IUTV;Etranger;2010;UFR DSPS;2020
1000860;Master;1;Licence;L3SED;;UFR SMBH;Amiens;2013;UFR DSPS;2020
1000861;Licence;1;Lic Pro;A3AI2;;IG;Reims;2014;UFR SMBH;2020
1000862;DUT;1;Mast MEEF;G4MFMI;;IUTV;Montpellie;2013;UFR DSPS;2020
1000863;Licence;1;Licence;D3DRO6;;UFR SEG;Creteil;2018;UFR DSPS;2020
1000864;Licence;1;DUT;V1IN;;UFR DSPS;Etranger;2018;UFR SEG;2020
1000865;Licence;3;Master;D4DPR8;;UFR DSPS;Paris;2013;UFR SMBH;2020
1000866;Licence;1;Licence;L3PSY;;UFR LLSHS;Etranger;2014;UFR LLSHS;2020
1000867;Licence;3;Master;D4CON;;UFR SMBH;Creteil;2014;IG;2020
1000868;Master Ind;2;DUT;V2GF;;IG;Etranger;2012;UFR DSPS;2020
1000869;DFASM;4;Master;D4REI;;UFR SMBH;Versailles;2009;IUTV;2020
1000870;Licence;1;Ex medecin;B3EM;;UFR LLSHS;Etranger;2010;UFR DSPS;2020
1000871;Ing  class;3;Licence;G1CP;;IG;Creteil;2011;UFR DSPS;2020
1000872;Licence;1;Licence;B1SVI;;UFR DSPS;Etranger;2011;IG;2020
1000873;Master;1;Licence;G1INF;;UFR SMBH;Etranger;2018;UFR DSPS;2020
1000874;Prep IEJ;1;DUT;A2GF;;UFR DSPS;Etranger;2009;UFR DSPS;2020
1000875;Licence;1;Master Pro;D5DIM;;UFR SMBH;Etranger;2015;IUTV;2020
1000876;Master;1;DUT;A1GE;;UFR SMBH;Lyon;2013;UFR LLSHS;2020
1000877;Prep IEJ;1;Prep IEJ;DXEN;;UFR DSPS;Bordeaux;2016;IUTB;2020
1000878;Master;1;DUT;S1GE;;UFR LLSHS;Etranger;2012;UFR DSPS;2020
1000879;Licence;2;Licence;G2INF;;IG;Etranger;2018;IUTB;2020
1000880;Ing  class;3;Licence;D2AES4;;IG;Versailles;2009;UFR SMBH;2020
1000881;Ex medecin;6;Licence;E1EGE;;UFR SMBH;Etranger;2010;IUTB;2020
1000882;Lic (IFSI);2;Licence;L1ESP;;UFR SMBH;Creteil;2010;IUTSD;2020
1000883;Master;1;DUT;V2RT;;UFR SMBH;Amiens;2012;UFR LLSHS;2020
1000884;Licence;2;DUT;S1HS2;;UFR SMBH;Creteil;2010;IG;2020
1000885;Licence;2;DUT;V2GR;;UFR SEG;Creteil;2009;IUTB;2020
1000886;DFGSM;2;Master;L4ETH;;UFR SMBH;Etranger;2018;IUTSD;2020
1000887;Lic (IFSI);3;Dip  univ3;BUALR;;UFR SMBH;Creteil;2011;UFR SMBH;2020
1000888;Licence;2;Licence;L2SED;;IG;Creteil;2016;IUTB;2020
1000889;DFGSM;2;Lic Pro;S3IS3;;UFR SMBH;Etranger;2009;UFR COM;2020
1000890;Lic Pro;1;DFGSM;B2SM;;IUTV;Etranger;2018;IG;2020
1000891;Master;1;Licence;L1PMS5;;UFR SMBH;Versailles;2015;UFR SMBH;2020
1000892;PACES;1;DFASM;B6EMA;;UFR SMBH;Creteil;2018;UFR LLSHS;2020
1000893;Licence;3;Master;E4IFD;;UFR SMBH;Creteil;2015;UFR LLSHS;2020
1000894;Master Ind;2;Licence;G1INF;;UFR SMBH;Creteil;2012;UFR SMBH;2020
1000895;PACES;1;Lic Pro;A3AI6;;UFR SMBH;Creteil;2010;UFR SMBH;2020
1000896;Master Pro;2;Licence;L2PSY;;UFR SEG;Creteil;2017;UFR SMBH;2020
1000897;Master Ind;2;Ex medecin;B5EM;;IG;Etranger;2011;UFR LLSHS;2020
1000898;Dip  univ2;3;DUT;V2CJ3;;UFR SMBH;Versailles;2013;IUTV;2020
1000899;Dip  univ3;2;Licence;B1STA;;UFR SMBH;Paris;2018;UFR DSPS;2020
1000900;DUT;2;Ex medecin;B1EM;;IUTV;Paris;2009;UFR SMBH;2020
1000901;DUT;2;Licence;D1AES4;;IUTV;Versailles;2010;IUTV;2020
1000902;DUT;2;Master Rec;D5DDA6;;IUTV;Creteil;2016;UFR SMBH;2020
1000903;Licence;2;Master Pro;E5MAR;;IG;Creteil;2013;IUTV;2020
1000904;Master Pro;2;Dip  univ3;BUACO2;;UFR DSPS;Etranger;2009;UFR DSPS;2020
1000905;Lic (IFSI);2;Licence;C2COM;;UFR SMBH;Etranger;2018;UFR SMBH;2020
1000906;Master Ind;2;Master Pro;G5RIM;;IG;Etranger;2012;IUTV;2020
1000907;Master Ind;2;Licence;D3DRO;;IG;Paris;2010;UFR COM;2020
1000908;Licence;2;Licence;L1PSY;;UFR LLSHS;Creteil;2015;UFR SEG;2020
1000909;Licence;1;Dip  univ3;BUSIR;;UFR DSPS;Versailles;2009;IUTSD;2020
1000910;Master Ind;2;Lic Pro;A3AI;;UFR SMBH;Etranger;2012;UFR LLSHS;2020
1000911;Master;1;Licence;B1SVI;;UFR LLSHS;Creteil;2014;UFR LLSHS;2020
1000912;Licence;3;Licence;B1STA;;UFR DSPS;Creteil;2016;UFR LLSHS;2020
1000913;Master;1;Ex medecin;B5EM;;UFR LLSHS;Versailles;2012;UFR LLSHS;2020
1000914;Ing  class;1;Doctorat;E8SE;;IG;Etranger;2013;IG;2020
1000915;Licence;1;Licence;D3DRO;;UFR SMBH;Guadeloupe;2009;IUTSD;2020
1000916;Master;1;Dip  univ3;BUOMM3;;UFR COM;Creteil;2017;UFR LLSHS;2020
1000917;Licence;2;Licence;B1SSO;;IG;Paris;2015;UFR LLSHS;2020
1000918;Licence;3;Licence;D2DRO6;;UFR DSPS;Creteil;2010;IG;2020
1000919;Master;1;Master Pro;E5EEEP;;UFR DSPS;Creteil;2015;UFR SEG;2020
1000920;Licence;1;Licence;B1SSS;;UFR LLSHS;Creteil;2012;UFR LLSHS;2020
1000921;Doctorat;3;PACES;B1PAES;;UFR DSPS;Etranger;2018;IG;2020
1000922;Doctorat;1;Doctorat;D8DU;;UFR LLSHS;Creteil;2009;UFR SMBH;2020
1000923;Lic (IFSI);1;Licence;D2AES;;UFR SMBH;Rouen;2011;UFR DSPS;2020
1000924;Licence;2;Licence;D3APS4;;UFR COM;Versailles;2012;UFR SEG;2020
1000925;DUT;1;Licence;B1STA;;IUTSD;Creteil;2009;UFR COM;2020
1000926;DUT;1;Master Pro;C5PE;;IUTV;Versailles;2009;UFR LLSHS;2020
1000927;Dip  univ1;1;Licence;L3PSY;;IUTSD;Versailles;2015;IUTV;2020
1000928;Master Ind;2;Mast MEEF;L4MF1D;;UFR SMBH;Creteil;2013;UFR COM;2020
1000929;Prep IEJ;1;Licence;D2DRO;;UFR DSPS;Versailles;2014;IG;2020
1000930;Master Pro;2;Master;C4CEM;;UFR LLSHS;Creteil;2013;IUTSD;2020
1000931;Licence;1;Master Rec;L5CLD;;UFR SEG;Dijon;2016;UFR LLSHS;2020
1000932;Master Pro;2;Licence;D3AEI;;UFR LLSHS;Creteil;2011;UFR DSPS;2020
1000933;Licence;1;Licence;B1SVES;;UFR SMBH;Etranger;2018;IUTSD;2020
1000934;Lic (IFSI);2;Master Pro;C5PEP;;UFR SMBH;Etranger;2009;IUTB;2020
1000935;Licence;2;Licence;D3APS4;;IG;Creteil;2015;UFR SMBH;2020
1000936;Licence;2;Licence;G1INF;;UFR SMBH;Etranger;2017;IG;2020
1000937;Licence;1;DES medec;B93SMG;;UFR COM;Versailles;2018;IUTSD;2020
1000938;DFASM;4;PACES;B1PAES;;UFR SMBH;Paris;2012;UFR SEG;2020
1000939;Dip  univ3;1;Licence;L3SED;;UFR SMBH;Etranger;2015;IUTB;2020
1000940;Licence;2;Master;G4INF;;UFR DSPS;Versailles;2013;UFR LLSHS;2020
1000941;Dip  univ3;3;Licence;G2PC9;;UFR SMBH;Creteil;2017;UFR SMBH;2020
1000942;Licence;3;Licence;R1LL;;UFR DSPS;Creteil;2013;UFR SMBH;2020
1000943;Licence;2;DES medec;B93SMG;;UFR LLSHS;Etranger;2017;UFR LLSHS;2020
1000944;Licence;3;Prep IEJ;DXEN;;UFR DSPS;Creteil;2014;IUTB;2020
1000945;Licence;2;Cap  medec;B9AC1;;UFR LLSHS;Versailles;2009;UFR SEG;2020
1000946;Lic (IFSI);2;Mast MEEF;B4MFST;;UFR SMBH;Versailles;2014;UFR SEG;2020
1000947;Lic Pro;1;Licence;L3PSY;;IUTV;Creteil;2011;UFR LLSHS;2020
1000948;Licence;1;Licence;L3ANG;;UFR DSPS;Amiens;2013;IUTSD;2020
1000949;Licence;1;Licence;G1INF;;UFR LLSHS;Etranger;2010;IG;2020
1000950;Master Pro;2;Licence;B2STA;;UFR DSPS;Versailles;2010;UFR COM;2020
1000951;DAEU;1;Lic Pro;V3MEC;;UFR LLSHS;Etranger;2015;UFR SMBH;2020
1000952;DUT;2;DUT;A2CG;;IUTSD;Aix_Marsei;2010;UFR SMBH;2020
1000953;DUT;1;Ing  class;G4SC;;IUTB;Guadeloupe;2013;UFR LLSHS;2020
1000954;Licence;3;Licence;D1DRO;;UFR DSPS;Nancy_Metz;2018;UFR LLSHS;2020
1000955;DUT;2;Capacite;DXDR1;;IUTB;Creteil;2010;IG;2020
1000956;DUT;1;Master;D4PAP4;;IUTSD;Versailles;2012;UFR SMBH;2020
1000957;DUT;2;Licence;D1SPO;;IUTV;Creteil;2011;UFR SEG;2020
1000958;Licence;1;Licence;B3SVI;;UFR DSPS;Caen;2010;IG;2020
1000959;Licence;3;Licence;D1DRO;;UFR SEG;Creteil;2010;UFR SMBH;2020
1000960;DUT;1;DUT;V2GR;;IUTSD;Etranger;2017;UFR DSPS;2020
1000961;DUT;2;DFASM;B3DFAS;;IUTSD;Rouen;2018;UFR DSPS;2020
1000962;Licence;2;DUT;V2CJ;;UFR SEG;Creteil;2009;UFR SMBH;2020
1000963;DUT;1;Doctorat;L8PS;;IUTV;Creteil;2015;UFR SMBH;2020
1000964;Licence;2;Master;D4DPI;;IG;Etranger;2009;IG;2020
1000965;DES medec;3;Master;D4DDA6;;UFR SMBH;Etranger;2015;UFR LLSHS;2020
1000966;Lic Pro;1;Lic Pro;A3MAS2;;IUTV;Versailles;2017;UFR LLSHS;2020
1000967;Licence;1;Master;E4IEF;;UFR DSPS;Rennes;2011;IUTSD;2020
1000968;Licence;1;Licence;L3IIS6;;UFR LLSHS;Versailles;2018;IG;2020
1000969;Licence;1;Licence;G1MAT;;UFR LLSHS;Creteil;2016;UFR DSPS;2020
1000970;Licence;1;Licence;B1SVI;;UFR LLSHS;Versailles;2014;UFR SMBH;2020
1000971;Lic (IFSI);1;Lic Pro;A3TC;;UFR SMBH;Etranger;2011;UFR SEG;2020
1000972;Ex medecin;3;Master Pro;E5BGR2;;UFR SMBH;Creteil;2014;UFR SMBH;2020
1000973;DUT;1;DUT;S2TC;;IUTSD;Creteil;2009;UFR LLSHS;2020
1000974;DUT;2;DUT;A1CS;;IUTV;Versailles;2011;IG;2020
1000975;Licence;1;Master;L4EFI;;UFR SMBH;Etranger;2012;IG;2020
1000976;Licence;1;Master;D4PAP;;UFR SEG;Creteil;2011;UFR SMBH;2020
1000977;PACES;1;Licence;B3SSS5;;UFR SMBH;Creteil;2013;UFR SMBH;2020
1000978;Master Pro;2;Licence;L1PMS5;;UFR SEG;Versailles;2013;IG;2020
1000979;Lic Pro;1;Lic Pro;V3CCA2;;IUTV;Creteil;2011;UFR LLSHS;2020
1000980;DFGSM;2;Licence;L3SED;;UFR SMBH;Etranger;2015;UFR LLSHS;2020
1000981;DFASM;6;Master;E4MBF;;UFR SMBH;Versailles;2017;UFR SMBH;2020
1000982;Lic Pro;1;Licence;L1PSY;;IUTSD;La Reunion;2016;UFR SMBH;2020
1000983;Ing  class;1;Licence;L1LMO;;IG;Paris;2010;UFR SMBH;2020
1000984;Master Pro;2;Licence;B1STA;;UFR SEG;Creteil;2012;UFR DSPS;2020
1000985;Lic (IFSI);2;Licence;L1ANG;;UFR SMBH;Creteil;2018;UFR DSPS;2020
1000986;DESC med;1;Licence;G2SPI;;UFR SMBH;Creteil;2018;UFR SMBH;2020
1000987;Licence;3;Ing  class;G3SE2;;UFR LLSHS;Creteil;2018;UFR SMBH;2020
1000988;Master;1;Lic Pro;P3CCA2;;UFR LLSHS;Poitiers;2014;UFR DSPS;2020
1000989;Master Ind;2;Lic Pro;V3CCX3;;UFR COM;Creteil;2017;IG;2020
1000990;DUT;2;Lic (IFSI);B3IFTS;;IUTSD;Etranger;2017;UFR SMBH;2020
1000991;Licence;1;Licence;D1AES;;UFR SMBH;Guadeloupe;2010;IUTB;2020
1000992;Licence;1;DFGSM;B2SM;;UFR DSPS;Rennes;2012;IUTV;2020
1000993;DUT;2;Prep IEJ;DXEN;;IUTSD;Paris;2014;UFR SMBH;2020
1000994;Licence;1;DUT;V2GP;;UFR DSPS;Versailles;2018;IG;2020
1000995;PACES;1;Ex medecin;B1EM;;UFR SMBH;Creteil;2009;UFR LLSHS;2020
1000996;Master;1;Licence;G1PC;;IG;Versailles;2011;UFR DSPS;2020
1000997;DUT;2;DUT;S2HS;;IUTB;Lyon;2009;IUTB;2020
1000998;DFASM;4;Licence;G2SPI;;UFR SMBH;Etranger;2018;UFR LLSHS;2020
1000999;Licence;1;Master Pro;E5CEE;;UFR LLSHS;Versailles;2018;IUTV;2020
1001000;Master;1;Dip  univ3;BUIAC;;UFR SMBH;Etranger;2017;UFR SEG;2020
1001001;DUT;2;DUT;S2TC;;IUTV;Lille;2014;IUTB;2020
